Sentence,Region,DataSource,Country,is_synthetic,text_clean,word_count
هيبقى اليوم ملل عايز تروح البحر,EGY,SYNTHETIC,NA,True,هيبقي اليوم ملل عايز تروح البحر,6
المفروض أروح الفنادق الكبيرة عشان أنا محتاج نزلة,EGY,SYNTHETIC,NA,True,المفروض اروح الفنادق الكبيره عشان انا محتاج نزله,8
مش هاتلاخ عن الشاب اللي صار مشكلة في عشان ماشي كل اللي بقوله علشان كده,EGY,SYNTHETIC,NA,True,مش هاتلاخ عن الشاب اللي صار مشكله في عشان ماشي كل اللي بقوله علشان كده,15
انتي بتكلمي البوتيرkas على الفيس بوك كتير؟ كأنك بتحكي للجيران,EGY,SYNTHETIC,NA,True,انتي بتكلمي البوتير علي الفيس بوك كتير؟ كانك بتحكي للجيران,10
عايز اشترى مكينة صباغة خلصت اتمنى في السوق,EGY,SYNTHETIC,NA,True,عايز اشتري مكينه صباغه خلصت اتمني في السوق,8
الحل بس هو اترك اللي بيحبك عشان يحب اللي بتعشق,EGY,SYNTHETIC,NA,True,الحل بس هو اترك اللي بيحبك عشان يحب اللي بتعشق,10
أنا كتير افكر في يوم الحفلة اللي كان في البيت,EGY,SYNTHETIC,NA,True,انا كتير افكر في يوم الحفله اللي كان في البيت,10
أكيد الموضوع ده بيحكي ايه في الصحف ده السنة,EGY,SYNTHETIC,NA,True,اكيد الموضوع ده بيحكي ايه في الصحف ده السنه,9
هو اللي قالت لي ايه في الحفلة انتِ فعلاً روحتي فرحين,EGY,SYNTHETIC,NA,True,هو اللي قالت لي ايه في الحفله انت فعلا روحتي فرحين,11
عايز أشتغل في مكتب كمان لأني مش بس عايز أعرف كيف أعمل حاجة بل هى حاجة بتحبها,EGY,SYNTHETIC,NA,True,عايز اشتغل في مكتب كمان لاني مش بس عايز اعرف كيف اعمل حاجه بل هي حاجه بتحبها,17
انا ما عرفت اجيب العصير من البسكويت اللي بيعطونه في المقهى,EGY,SYNTHETIC,NA,True,انا ما عرفت اجيب العصير من البسكويت اللي بيعطونه في المقهي,11
مش هادأش انتي عشان اللي بيحبكي واقفين في الموقف,EGY,SYNTHETIC,NA,True,مش هاداش انتي عشان اللي بيحبكي واقفين في الموقف,9
العمل بيغبي في الشارع زي ما كان في العصور الوسطى,EGY,SYNTHETIC,NA,True,العمل بيغبي في الشارع زي ما كان في العصور الوسطي,10
الصيام بيكون فرصة كبيرة للتعقل والتركيز عشان ما بتشتت في الأمور اليومية,EGY,SYNTHETIC,NA,True,الصيام بيكون فرصه كبيره للتعقل والتركيز عشان ما بتشتت في الامور اليوميه,12
الناس محتاجين مساعدتي في حياتهم دي كمان عشان اللي بيعمله بيفرحولي,EGY,SYNTHETIC,NA,True,الناس محتاجين مساعدتي في حياتهم دي كمان عشان اللي بيعمله بيفرحولي,11
مش هايدخلش غرفة اللي بيقعد فيه عشان الناس بتعمل فيها حاجات غريبة,EGY,SYNTHETIC,NA,True,مش هايدخلش غرفه اللي بيقعد فيه عشان الناس بتعمل فيها حاجات غريبه,12
الكلبي مش كتير راح بيخبرك ايه بس يقف بجانبك ويبص,EGY,SYNTHETIC,NA,True,الكلبي مش كتير راح بيخبرك ايه بس يقف بجانبك ويبص,10
اللي بيجيب في الشارع بييجي معي بس مش بيعطيك حاجة بقي,EGY,SYNTHETIC,NA,True,اللي بيجيب في الشارع بييجي معي بس مش بيعطيك حاجه بقي,11
انا شايف العافية في يوم العيد عايز اشارك فيه اللي بيحبني,EGY,SYNTHETIC,NA,True,انا شايف العافيه في يوم العيد عايز اشارك فيه اللي بيحبني,11
هيك ما حدا عايز يشارك فيه غير انت يا اسامة,EGY,SYNTHETIC,NA,True,هيك ما حدا عايز يشارك فيه غير انت يا اسامه,10
المكان دا بيعمل حاجة كده عادي مع كل حد,EGY,SYNTHETIC,NA,True,المكان دا بيعمل حاجه كده عادي مع كل حد,9
مش عارف هاد اللي حصل عشان لما انتي تضحك على راجل,EGY,SYNTHETIC,NA,True,مش عارف هاد اللي حصل عشان لما انتي تضحك علي راجل,11
انا ما عارف حالتي دي عشان اللي حصل لي يوم قبل الصلاة,EGY,SYNTHETIC,NA,True,انا ما عارف حالتي دي عشان اللي حصل لي يوم قبل الصلاه,12
اللي بتاعي عنده ايد خفيفة ومرونة تانية,EGY,SYNTHETIC,NA,True,اللي بتاعي عنده ايد خفيفه ومرونه تانيه,7
هيبقى انا عايز أعرف ايه اللي قلته عن اللى حصل لي امس,EGY,SYNTHETIC,NA,True,هيبقي انا عايز اعرف ايه اللي قلته عن اللي حصل لي امس,12
اللي حدا بيعرف عنه هاد الكلام بيقصد ايه,EGY,SYNTHETIC,NA,True,اللي حدا بيعرف عنه هاد الكلام بيقصد ايه,8
أنا عايز أعرف ايه اللي حصل بيني وبين صاحبي دا,EGY,SYNTHETIC,NA,True,انا عايز اعرف ايه اللي حصل بيني وبين صاحبي دا,10
عاوز اعرف ايه اللي حصل عندك مع اللي حضرتك؟,EGY,SYNTHETIC,NA,True,عاوز اعرف ايه اللي حصل عندك مع اللي حضرتك؟,9
مش عارف ايه اللي دلوقتي بيقوله الناس عن ايه,EGY,SYNTHETIC,NA,True,مش عارف ايه اللي دلوقتي بيقوله الناس عن ايه,9
هاد التفاحة دي مافيش بس فيها اومليج خاص,EGY,SYNTHETIC,NA,True,هاد التفاحه دي مافيش بس فيها اومليج خاص,8
مش عارف ايه اللي حصل بين ابنتي وماكو فائدة منه,EGY,SYNTHETIC,NA,True,مش عارف ايه اللي حصل بين ابنتي وماكو فائده منه,10
اللي حدا بيعرف عنهم هاد اللهجات بيعمله تاني,EGY,SYNTHETIC,NA,True,اللي حدا بيعرف عنهم هاد اللهجات بيعمله تاني,8
اللي عملت معانا اليوم بسيطة واللي بياخدنا لازم كدة,EGY,SYNTHETIC,NA,True,اللي عملت معانا اليوم بسيطه واللي بياخدنا لازم كده,9
هو عارف ايه اللي حصل لي يوم مدرستي,EGY,SYNTHETIC,NA,True,هو عارف ايه اللي حصل لي يوم مدرستي,8
مش عارف ايه اللي حصل بين اللى بيحبه عشان يخليه يشتكي له,EGY,SYNTHETIC,NA,True,مش عارف ايه اللي حصل بين اللي بيحبه عشان يخليه يشتكي له,12
أنا بعسل اكتر كده اكل البوظة وحده وعايز اعرف ايه اللي حصل معاه,EGY,SYNTHETIC,NA,True,انا بعسل اكتر كده اكل البوظه وحده وعايز اعرف ايه اللي حصل معاه,13
إنتي كده بتعملي حاجة صحيحة عشان تبقيي قوية,EGY,SYNTHETIC,NA,True,انتي كده بتعملي حاجه صحيحه عشان تبقيي قويه,8
مش فاهم ايه راح يكون النتيجة من الجامعه,EGY,SYNTHETIC,NA,True,مش فاهم ايه راح يكون النتيجه من الجامعه,8
هو في حد يوصل لك رسالة مهمة في الواتس,EGY,SYNTHETIC,NA,True,هو في حد يوصل لك رساله مهمه في الواتس,9
عايز أعرف ايه اللي ممكن تفعله عشان تحل هذه المشكلة,EGY,SYNTHETIC,NA,True,عايز اعرف ايه اللي ممكن تفعله عشان تحل هذه المشكله,10
أنا مش عارف ايش تاني هديك بكره,EGY,SYNTHETIC,NA,True,انا مش عارف ايش تاني هديك بكره,7
مش بتحبين الشوكولاته دي احسن من الكيك,EGY,SYNTHETIC,NA,True,مش بتحبين الشوكولاته دي احسن من الكيك,7
ده المكان ده عجبك ايه عشان تقابلي فيه الصديقين,EGY,SYNTHETIC,NA,True,ده المكان ده عجبك ايه عشان تقابلي فيه الصديقين,9
أنتي فعلاً بتتمنى ايه اللي حصل مع البنات في الفيديوهات,EGY,SYNTHETIC,NA,True,انتي فعلا بتتمني ايه اللي حصل مع البنات في الفيديوهات,10
هو انتي مش متاعب ولا الحالة نفسها كدة برضو,EGY,SYNTHETIC,NA,True,هو انتي مش متاعب ولا الحاله نفسها كده برضو,9
يعني هاينش اللي بيجيب العسل في الصباح من السوق,EGY,SYNTHETIC,NA,True,يعني هاينش اللي بيجيب العسل في الصباح من السوق,9
أزيك اليوم بالسة ؟ هاينش اللي حصل مع احنا في العيد مش بيحضر ليه شعور غريب,EGY,SYNTHETIC,NA,True,ازيك اليوم بالسه ؟ هاينش اللي حصل مع احنا في العيد مش بيحضر ليه شعور غريب,16
مافيش شيء احسن من البيت والجيران اللي هيبطروش ليك الكيك,EGY,SYNTHETIC,NA,True,مافيش شيء احسن من البيت والجيران اللي هيبطروش ليك الكيك,10
هو عايز اعرف ايه اللي انا بنفكر فيه في كل يوم عشان ابقى بخير,EGY,SYNTHETIC,NA,True,هو عايز اعرف ايه اللي انا بنفكر فيه في كل يوم عشان ابقي بخير,14
الناس في الشارع بتاعي مش كده عارضة الاكل بس بتقدرون تعطيك راحة,EGY,SYNTHETIC,NA,True,الناس في الشارع بتاعي مش كده عارضه الاكل بس بتقدرون تعطيك راحه,12
عايز اعرف ايه اللي بيجيبك سعاده وراحة في كل يوم,EGY,SYNTHETIC,NA,True,عايز اعرف ايه اللي بيجيبك سعاده وراحه في كل يوم,10
العمل مش كده حمل مره بس كمان هيبني على الحمد,EGY,SYNTHETIC,NA,True,العمل مش كده حمل مره بس كمان هيبني علي الحمد,10
مش عايز أستمع لليبيا ولا أخبار الدول دي طول الوقت,EGY,SYNTHETIC,NA,True,مش عايز استمع لليبيا ولا اخبار الدول دي طول الوقت,10
هو عايز تعرف ايه اللي ممكن تقوله للبنات عشان تنمي شخصيتهم وتربيهم بشكل افضل,EGY,SYNTHETIC,NA,True,هو عايز تعرف ايه اللي ممكن تقوله للبنات عشان تنمي شخصيتهم وتربيهم بشكل افضل,14
هو فكرت ان نبيع البيت بعد ما بقى قديم جداً,EGY,SYNTHETIC,NA,True,هو فكرت ان نبيع البيت بعد ما بقي قديم جدا,10
ما شاء الله فندم انا صدقت انه ياليت عملت كده في المرة دي,EGY,SYNTHETIC,NA,True,ما شاء الله فندم انا صدقت انه ياليت عملت كده في المره دي,13
عايز أعرف هل الموضوع ده بيسبب لك غضب أو هي بحاله بس,EGY,SYNTHETIC,NA,True,عايز اعرف هل الموضوع ده بيسبب لك غضب او هي بحاله بس,12
أكيد اليوم ممكن يكون يوم مميز لو استغلته بشكل صحيح,EGY,SYNTHETIC,NA,True,اكيد اليوم ممكن يكون يوم مميز لو استغلته بشكل صحيح,10
الساعة دي بتسأل تاني عن الوجبة اللى ممكن تأخذي عشان هي كمان مرتبة,EGY,SYNTHETIC,NA,True,الساعه دي بتسال تاني عن الوجبه اللي ممكن تاخذي عشان هي كمان مرتبه,13
مش عارف كده هو اللي جابهني للجامعة وماذا ممكن أقول له من غير أنقذ حياتي,EGY,SYNTHETIC,NA,True,مش عارف كده هو اللي جابهني للجامعه وماذا ممكن اقول له من غير انقذ حياتي,15
أحس إيه لو عرفت ان الحبيب المدلل في المقهى هو راجع,EGY,SYNTHETIC,NA,True,احس ايه لو عرفت ان الحبيب المدلل في المقهي هو راجع,11
انا بخاف لما اخليش الشريك يعرف الكذبة أول مرة,EGY,SYNTHETIC,NA,True,انا بخاف لما اخليش الشريك يعرف الكذبه اول مره,9
مش مصدق إن في حد قلبيه زي قلبي عرفت كله كمان,EGY,SYNTHETIC,NA,True,مش مصدق ان في حد قلبيه زي قلبي عرفت كله كمان,11
مش عارف ارد عليه ممكن ابعت له رسالة أو اتصل عليه بسهولة,EGY,SYNTHETIC,NA,True,مش عارف ارد عليه ممكن ابعت له رساله او اتصل عليه بسهوله,12
أنا بحب السفر لكن ألحظ إنه مرتين كل شهر أنا بروح عشان أرجع هيك,EGY,SYNTHETIC,NA,True,انا بحب السفر لكن الحظ انه مرتين كل شهر انا بروح عشان ارجع هيك,14
انتي طلعتي كدة محتاجة فلوس كتير للترفيه والشراء,EGY,SYNTHETIC,NA,True,انتي طلعتي كده محتاجه فلوس كتير للترفيه والشراء,8
هو أكيد العائلة هي اللي بيغير حياتي وتجعلها تتطور بشكل كبير,EGY,SYNTHETIC,NA,True,هو اكيد العائله هي اللي بيغير حياتي وتجعلها تتطور بشكل كبير,11
أول ما رحت الفيسبوك أحسيش إنه محتاج ليا كدا وعاوز تكون في محادثة طويلة,EGY,SYNTHETIC,NA,True,اول ما رحت الفيسبوك احسيش انه محتاج ليا كدا وعاوز تكون في محادثه طويله,14
يعني انت شايف ان التقدم العلمي مفيش أي فائدة على الإطلاق,EGY,SYNTHETIC,NA,True,يعني انت شايف ان التقدم العلمي مفيش اي فائده علي الاطلاق,11
معقد كده اتخيل أن أعيش في عالم لا يوجد فيه الانترنت ولا الهواتف المحمولة,EGY,SYNTHETIC,NA,True,معقد كده اتخيل ان اعيش في عالم لا يوجد فيه الانترنت ولا الهواتف المحموله,14
الكلام ده جاب لي ذهنية أن اتقبل الأشياء بتاعتها كده وآخذ منها ما فيها,EGY,SYNTHETIC,NA,True,الكلام ده جاب لي ذهنيه ان اتقبل الاشياء بتاعتها كده واخذ منها ما فيها,14
هو عايز تعرف ايه اللي حصل معى اليوم؟,EGY,SYNTHETIC,NA,True,هو عايز تعرف ايه اللي حصل معي اليوم؟,8
عايز اعرف ازيك يا احترامي، انتي عايزين تيجي؟,EGY,SYNTHETIC,NA,True,عايز اعرف ازيك يا احترامي، انتي عايزين تيجي؟,8
المفروض اني اشوف صورتك يوميًا، ايه اللي قابلك حتى اليوم؟,EGY,SYNTHETIC,NA,True,المفروض اني اشوف صورتك يوميا، ايه اللي قابلك حتي اليوم؟,10
مين اللي قاللك ان يومنا كمان دلوقتي بس رومانسي؟,EGY,SYNTHETIC,NA,True,مين اللي قاللك ان يومنا كمان دلوقتي بس رومانسي؟,9
الناس ما بتعرف أكتر حاجة فيك من الصدفة والحب,EGY,SYNTHETIC,NA,True,الناس ما بتعرف اكتر حاجه فيك من الصدفه والحب,9
مش قادر اتخيل يومك، عايز اعرف كنه الشيء اللي غلب على حالك اليوم,EGY,SYNTHETIC,NA,True,مش قادر اتخيل يومك، عايز اعرف كنه الشيء اللي غلب علي حالك اليوم,13
اللي عندك من الأمل عشان الصباح دة، عايز اعرف كمية العبرة اللي عندك,EGY,SYNTHETIC,NA,True,اللي عندك من الامل عشان الصباح ده، عايز اعرف كميه العبره اللي عندك,13
انتي بتحب الكافيين، مش بتحب التدخين، ايه اللي حركك في الحياة دي؟,EGY,SYNTHETIC,NA,True,انتي بتحب الكافيين، مش بتحب التدخين، ايه اللي حركك في الحياه دي؟,12
متأخر على الاجتماع كده، ايه اللي حصل للبنات في المدرسة؟,EGY,SYNTHETIC,NA,True,متاخر علي الاجتماع كده، ايه اللي حصل للبنات في المدرسه؟,10
أنا عايز افهم ايه اللي حصل بينك وبين صديقك، ممكن توصل لي؟,EGY,SYNTHETIC,NA,True,انا عايز افهم ايه اللي حصل بينك وبين صديقك، ممكن توصل لي؟,12
الناس ما بتعرف كيف تحب غير لما تعيش الفرصة، ايه حلوة عشان ما تكون هماً؟,EGY,SYNTHETIC,NA,True,الناس ما بتعرف كيف تحب غير لما تعيش الفرصه، ايه حلوه عشان ما تكون هما؟,15
مش قادر اعمل حاجة بس مش قادر ارجع للماضي، ايه اللي حصل لي؟,EGY,SYNTHETIC,NA,True,مش قادر اعمل حاجه بس مش قادر ارجع للماضي، ايه اللي حصل لي؟,13
عندك ايه في يومك كتير فرح أو حزن، ايش حالي؟,EGY,SYNTHETIC,NA,True,عندك ايه في يومك كتير فرح او حزن، ايش حالي؟,10
اللي بيروح معك في العمل، مش بيروح معك في العطلة، ايه اللي جعلك تختار الأول؟,EGY,SYNTHETIC,NA,True,اللي بيروح معك في العمل، مش بيروح معك في العطله، ايه اللي جعلك تختار الاول؟,15
عايز اعرف ايه اللي جعلك تقرر اني اتجوزلك في السنة دي؟,EGY,SYNTHETIC,NA,True,عايز اعرف ايه اللي جعلك تقرر اني اتجوزلك في السنه دي؟,11
انتي تقدرين تعيشين حياتك بغيري؟ ايه اللي بيفرق بيننا؟,EGY,SYNTHETIC,NA,True,انتي تقدرين تعيشين حياتك بغيري؟ ايه اللي بيفرق بيننا؟,9
عايز أعرف ايه اللي بيجي معاك في الصباح الباكر، ايش كلامك؟,EGY,SYNTHETIC,NA,True,عايز اعرف ايه اللي بيجي معاك في الصباح الباكر، ايش كلامك؟,11
مش قادر افهم ايه اللي حصل لي، هل هو حظي ولا شيطاني؟,EGY,SYNTHETIC,NA,True,مش قادر افهم ايه اللي حصل لي، هل هو حظي ولا شيطاني؟,12
الحاجة دي بتاعتك مش بتفهمها، ايه اللي جعلك تقراري بالحياة دي؟,EGY,SYNTHETIC,NA,True,الحاجه دي بتاعتك مش بتفهمها، ايه اللي جعلك تقراري بالحياه دي؟,11
إيه القصة دي اللي بتكون تاني ؟ عايز أعرف كده عشان افهم كلامه.,EGY,SYNTHETIC,NA,True,ايه القصه دي اللي بتكون تاني ؟ عايز اعرف كده عشان افهم كلامه,13
مش بس كده مفيش حاجة، عرفت يوم كتير كأنو انت محتاج إيه.,EGY,SYNTHETIC,NA,True,مش بس كده مفيش حاجه، عرفت يوم كتير كانو انت محتاج ايه,12
عايز تعرف أكيد كده تاني هيبقى كده دايما؟,EGY,SYNTHETIC,NA,True,عايز تعرف اكيد كده تاني هيبقي كده دايما؟,8
هو مبسوط زي كده إيه طول الوقت كده مش كده؟,EGY,SYNTHETIC,NA,True,هو مبسوط زي كده ايه طول الوقت كده مش كده؟,10
أزيك اليوم؟ كده مش عايز أعرف حالتك دي.,EGY,SYNTHETIC,NA,True,ازيك اليوم؟ كده مش عايز اعرف حالتك دي,8
مش فاهم إن كان هيبقى زي كده عشان كده.,EGY,SYNTHETIC,NA,True,مش فاهم ان كان هيبقي زي كده عشان كده,9
أيWAY أنا مش عايز أقول أكيد كده مش كده.,EGY,SYNTHETIC,NA,True,اي انا مش عايز اقول اكيد كده مش كده,9
يعني إيه كده اللي بيحدث عندك كده؟,EGY,SYNTHETIC,NA,True,يعني ايه كده اللي بيحدث عندك كده؟,7
هو مثلاً كده مش كده أكيد تانية كده؟,EGY,SYNTHETIC,NA,True,هو مثلا كده مش كده اكيد تانيه كده؟,8
عايز أعرف أكيد كده تاني أمين كده؟,EGY,SYNTHETIC,NA,True,عايز اعرف اكيد كده تاني امين كده؟,7
أنت مش متأسف كدا؟ أكيد كدا أو مش كدا؟,EGY,SYNTHETIC,NA,True,انت مش متاسف كدا؟ اكيد كدا او مش كدا؟,9
هو ياعلي كده مش كده أكيد؟,EGY,SYNTHETIC,NA,True,هو ياعلي كده مش كده اكيد؟,6
يعني صدق إيه كده اللي بيحدث بينا؟,EGY,SYNTHETIC,NA,True,يعني صدق ايه كده اللي بيحدث بينا؟,7
هو كده مش كده أمين كدا تاني؟,EGY,SYNTHETIC,NA,True,هو كده مش كده امين كدا تاني؟,7
مش بس كده مفيش حد كدة تاني، مش كده أو كدا؟,EGY,SYNTHETIC,NA,True,مش بس كده مفيش حد كده تاني، مش كده او كدا؟,11
أكيد كدا أكيد، أمين كدا أمين؟,EGY,SYNTHETIC,NA,True,اكيد كدا اكيد، امين كدا امين؟,6
هاتي لي ايه طلع على الشاشة ده بس محدش يعرف حاجة,EGY,SYNTHETIC,NA,True,هاتي لي ايه طلع علي الشاشه ده بس محدش يعرف حاجه,11
عايز اعرف ازيك بعد رحيلي اللي عندي فضول لحد ما تجاني من مصر,EGY,SYNTHETIC,NA,True,عايز اعرف ازيك بعد رحيلي اللي عندي فضول لحد ما تجاني من مصر,13
هو محتاج أكل حاجة صحي ومش مرهق علشان تعمل حاجة,EGY,SYNTHETIC,NA,True,هو محتاج اكل حاجه صحي ومش مرهق علشان تعمل حاجه,10
ما زعلت انت ولا خرجت، لكن الموضوع ده محتاج رد فعل جد خاص,EGY,SYNTHETIC,NA,True,ما زعلت انت ولا خرجت، لكن الموضوع ده محتاج رد فعل جد خاص,13
المشكلة دى مش محتاجة حل، مجرد وجودها بيستفز بالك,EGY,SYNTHETIC,NA,True,المشكله دي مش محتاجه حل، مجرد وجودها بيستفز بالك,9
مش عارف اخليكي تعرف اللى حصل معاه عندنا في العمل,EGY,SYNTHETIC,NA,True,مش عارف اخليكي تعرف اللي حصل معاه عندنا في العمل,10
مين اللي اهتمامه بالغ ونسبة التفاعل كبيرة على صفحتي في الفيس بوك؟,EGY,SYNTHETIC,NA,True,مين اللي اهتمامه بالغ ونسبه التفاعل كبيره علي صفحتي في الفيس بوك؟,12
مش عايز اشتغل اوه، كل الناس بتطلب حاجة مني,EGY,SYNTHETIC,NA,True,مش عايز اشتغل اوه، كل الناس بتطلب حاجه مني,9
احنا عايزين تاني حاجة عشان نستريح من كدة والنهارده بيكون ليلة بيسعد فيها,EGY,SYNTHETIC,NA,True,احنا عايزين تاني حاجه عشان نستريح من كده والنهارده بيكون ليله بيسعد فيها,13
أنا هقول ايه لأمه وأنا عايز اعرف ما تقوله في المقابل,EGY,SYNTHETIC,NA,True,انا هقول ايه لامه وانا عايز اعرف ما تقوله في المقابل,11
ما شاء الله كده طبعاً هيكون مفاجأة لحد ما تعرفها,EGY,SYNTHETIC,NA,True,ما شاء الله كده طبعا هيكون مفاجاه لحد ما تعرفها,10
الموضوع ده بيستفزني وحالي فاهم ازاى أتعامل معه,EGY,SYNTHETIC,NA,True,الموضوع ده بيستفزني وحالي فاهم ازاي اتعامل معه,8
الناس بتقول اللي بتعرف عن الأشياء عشان تبقى مفاجأة بالنسبة للآخرين,EGY,SYNTHETIC,NA,True,الناس بتقول اللي بتعرف عن الاشياء عشان تبقي مفاجاه بالنسبه للاخرين,11
انا بتاع كده، حبيت نتعلم حاجة جديدة كل يوم من حياتنا,EGY,SYNTHETIC,NA,True,انا بتاع كده، حبيت نتعلم حاجه جديده كل يوم من حياتنا,11
معقول لو صدقت كده، كده ستظل مجهولة forever بالنسبة لك,EGY,SYNTHETIC,NA,True,معقول لو صدقت كده، كده ستظل مجهوله بالنسبه لك,9
العمل ده بيضاوي على مساحة حياتي دي واللي بيضحي بيها بيصير حاجه اساسية,EGY,SYNTHETIC,NA,True,العمل ده بيضاوي علي مساحه حياتي دي واللي بيضحي بيها بيصير حاجه اساسيه,13
الحل بيكون ممكن بس خليني افكر مليييييييييييييييييييييييييييييييييييييييييييييييييييييييييييييييييييييييييييييييييييييييييييييييييييييييييييييييييييييييييييييييييييييييييييييييييييييييييييييييييييييييييييييييييييييييييييييييييييييييييييييييييييييييييييييييييييييييييييييييييييييييييييييييييييييييييييييييييييييييييييييييييييييييييييييييييييييييييييييييييييييييييييييييييييييييييييييييييييييييييييييييييييييييييييييييييييييييييييييييييييييييييييييييي,EGY,SYNTHETIC,NA,True,الحل بيكون ممكن بس خليني افكر مليييييييييييييييييييييييييييييييييييييييييييييييييييييييييييييييييييييييييييييييييييييييييييييييييييييييييييييييييييييييييييييييييييييييييييييييييييييييييييييييييييييييييييييييييييييييييييييييييييييييييييييييييييييييييييييييييييييييييييييييييييييييييييييييييييييييييييييييييييييييييييييييييييييييييييييييييييييييييييييييييييييييييييييييييييييييييييييييييييييييييييييييييييييييييييييييييييييييييييييييييييييييييييييييي,7
izinna ايه اللي حصل مع حد اتنين؟,EGY,SYNTHETIC,NA,True,ايه اللي حصل مع حد اتنين؟,6
عايز اعرف ما تحبه تاني,EGY,SYNTHETIC,NA,True,عايز اعرف ما تحبه تاني,5
الموضوع ده يلازمه صبر كدة,EGY,SYNTHETIC,NA,True,الموضوع ده يلازمه صبر كده,5
كده مينفعش تبعتي البوتيرك كده؟,EGY,SYNTHETIC,NA,True,كده مينفعش تبعتي البوتيرك كده؟,5
مش طيب يا إيمي، فاتتلي العروس في الشوارع,EGY,SYNTHETIC,NA,True,مش طيب يا ايمي، فاتتلي العروس في الشوارع,8
اللهم لو فاتتني الصداقة بس نزلت علي المحبة,EGY,SYNTHETIC,NA,True,اللهم لو فاتتني الصداقه بس نزلت علي المحبه,8
مش عارف كيف اخلي الجرسون ده يركب السيارة احسن,EGY,SYNTHETIC,NA,True,مش عارف كيف اخلي الجرسون ده يركب السياره احسن,9
أنا قاعد اتصفح اليوتيوب وأشوف الفيديوهات النابية,EGY,SYNTHETIC,NA,True,انا قاعد اتصفح اليوتيوب واشوف الفيديوهات النابيه,7
هو انت مش عارف تبقي عايز تدعي على اللى بيقربك في الشارع؟,EGY,SYNTHETIC,NA,True,هو انت مش عارف تبقي عايز تدعي علي اللي بيقربك في الشارع؟,12
عشان لما تعرف تعيش معاك ايه اللي حصل معك في الجامعة؟,EGY,SYNTHETIC,NA,True,عشان لما تعرف تعيش معاك ايه اللي حصل معك في الجامعه؟,11
انت شايف اللي حصل ده عادي كده ممكن يكون فيه شيء ماشي,EGY,SYNTHETIC,NA,True,انت شايف اللي حصل ده عادي كده ممكن يكون فيه شيء ماشي,12
اللى حصل بيني وبين اللى بيحبني مفيش مشكلة عشان اللي حصل ده,EGY,SYNTHETIC,NA,True,اللي حصل بيني وبين اللي بيحبني مفيش مشكله عشان اللي حصل ده,12
الكلام ده ماشيكشششششششششششششششششششششششششششششششششششششششششششششششششششششششششششششششششششششششششششششششششششششششششششششششششششششششششششششششششششششششششششششششششششششششششششششششششششششششششششششششششششششششششششششششششششششششششششششششششششششششششششششششششششششششششششششششششششششششششششششششششششششششششششششششششششششششششششششششششششششششششششششششششششششششششششششششششششششششششششششششششششششششششششششششششششششششششششششششششششششششششششششششششششششششششششششششششششششششششششششششششششششششششششششششششششششششششششششششششششششششششششششششششششششششششششششششششششششششششششششششششششششششششششششششششششششششششششششششششششششششششششششششششششششششششششششششششششششششششششششش,EGY,SYNTHETIC,NA,True,الكلام ده ماشيكشششششششششششششششششششششششششششششششششششششششششششششششششششششششششششششششششششششششششششششششششششششششششششششششششششششششششششششششششششششششششششششششششششششششششششششششششششششششششششششششششششششششششششششششششششششششششششششششششششششششششششششششششششششششششششششششششششششششششششششششششششششششششششششششششششششششششششششششششششششششششششششششششششششششششششششششششششششششششششششششششششششششششششششششششششششششششششششششششششششششششششششششششششششششششششششششششششششششششششششششششششششششششششششششششششششششششششششششششششششششششششششششششششششششششششششششششششششششششششششششششششششششششششششششششششششششششششششششششششششششششششششششششششششششششششششششششششششششششششششش,3
عايز أشتري كتاب جديد، وأنت متزود فكري كدة؟,EGY,SYNTHETIC,NA,True,عايز اشتري كتاب جديد، وانت متزود فكري كده؟,8
مش هاعوم في الجدران، إني ما عندلي احساس بالملل ولا بالوحدة.,EGY,SYNTHETIC,NA,True,مش هاعوم في الجدران، اني ما عندلي احساس بالملل ولا بالوحده,11
أنا عايز أعرف السترات الجاهزة الجديدة مين بتعيشها في الشوارع.,EGY,SYNTHETIC,NA,True,انا عايز اعرف السترات الجاهزه الجديده مين بتعيشها في الشوارع,10
"اليهودي اللي في السوق مش عارف كده كم مرة تقول ليه، ""إيه بقى؟""",EGY,SYNTHETIC,NA,True,اليهودي اللي في السوق مش عارف كده كم مره تقول ليه، ايه بقي؟,13
مديرة العمل مش هتعطي فرصة ثانية لأول مرة بقيت تخطئ.,EGY,SYNTHETIC,NA,True,مديره العمل مش هتعطي فرصه ثانيه لاول مره بقيت تخطئ,10
"كل يوم بيروح ويجابني زوجي بـ ""كده مالك؟"" وبأقول له، ""أنا أنت في العسل"".",EGY,SYNTHETIC,NA,True,كل يوم بيروح ويجابني زوجي ب كده مالك؟ وباقول له، انا انت في العسل,14
الحاجة الفاضية اللي عند المطحونين مش بتاعهم، والبديل اللي بيفعلونه بيضيع.,EGY,SYNTHETIC,NA,True,الحاجه الفاضيه اللي عند المطحونين مش بتاعهم، والبديل اللي بيفعلونه بيضيع,11
عايز أتعلم العربية بطريقة جديدة، مش أوي مش هاتخذ إجازة منها.,EGY,SYNTHETIC,NA,True,عايز اتعلم العربيه بطريقه جديده، مش اوي مش هاتخذ اجازه منها,11
ما عندلي وقت لازم أشوف فيلم، مش هاظبط نفسي لأني بس عايز أشتغل بعد.,EGY,SYNTHETIC,NA,True,ما عندلي وقت لازم اشوف فيلم، مش هاظبط نفسي لاني بس عايز اشتغل بعد,14
مش حابب اتكلم عن الموضوع، اترك ليه هاد الحيرة ديل وانا عايز افكر فيها.,EGY,SYNTHETIC,NA,True,مش حابب اتكلم عن الموضوع، اترك ليه هاد الحيره ديل وانا عايز افكر فيها,14
محدش بقاله يخاف على صحتي ولا على كرامتي، مش بعدي إلا القليل.,EGY,SYNTHETIC,NA,True,محدش بقاله يخاف علي صحتي ولا علي كرامتي، مش بعدي الا القليل,12
مفيش حاجة بتعني الكذب أو الغش أو الهوان، مش كده قاعدة حياة.,EGY,SYNTHETIC,NA,True,مفيش حاجه بتعني الكذب او الغش او الهوان، مش كده قاعده حياه,12
أنا بعتضد على زوجي في كل شيء، مش هاعاني من وجع في البيت.,EGY,SYNTHETIC,NA,True,انا بعتضد علي زوجي في كل شيء، مش هاعاني من وجع في البيت,13
المصريين مش بتاعهم الفرح، لكن مش بيتاعهم الغضب والأزمات أيضًا.,EGY,SYNTHETIC,NA,True,المصريين مش بتاعهم الفرح، لكن مش بيتاعهم الغضب والازمات ايضا,10
مش عايز أشتغل في التلفاز، حبيت لو بعتضدت بيحبلي كده في الحياة.,EGY,SYNTHETIC,NA,True,مش عايز اشتغل في التلفاز، حبيت لو بعتضدت بيحبلي كده في الحياه,12
كده مش حاجة فاضية في حياتي، أنا عايز أكون راحل ومليء بالسعادة.,EGY,SYNTHETIC,NA,True,كده مش حاجه فاضيه في حياتي، انا عايز اكون راحل ومليء بالسعاده,12
أنت تشتغل كده وتفكر في ناس كتير، مش عايز أبقى طول الوقت أفكر في الناس فقط.,EGY,SYNTHETIC,NA,True,انت تشتغل كده وتفكر في ناس كتير، مش عايز ابقي طول الوقت افكر في الناس فقط,16
الناس اللي مش بتاعهم الكراهية والغلاء، مش بيتاعهم الطفولة والعواطف أيضًا.,EGY,SYNTHETIC,NA,True,الناس اللي مش بتاعهم الكراهيه والغلاء، مش بيتاعهم الطفوله والعواطف ايضا,11
مش هاعوم في التعب، مش هاعوم في الهموم، هاعوم في السعادة بقدر الإمكان.,EGY,SYNTHETIC,NA,True,مش هاعوم في التعب، مش هاعوم في الهموم، هاعوم في السعاده بقدر الامكان,13
أنت قدمت لي الأمل والتفاؤل، مش هأكبر بدونك، عايز أبقى صغير كده معك.,EGY,SYNTHETIC,NA,True,انت قدمت لي الامل والتفاؤل، مش هاكبر بدونك، عايز ابقي صغير كده معك,13
أنتي بتقعدين في البيت تانية بس، مش بتنشرين الصور الجديدة؟,EGY,SYNTHETIC,NA,True,انتي بتقعدين في البيت تانيه بس، مش بتنشرين الصور الجديده؟,10
داك الصراخ معاهم فعلاً يكسر الروتين، مش يعمل حاجة لازمة.,EGY,SYNTHETIC,NA,True,داك الصراخ معاهم فعلا يكسر الروتين، مش يعمل حاجه لازمه,10
يعني كده اللي حصل، ناس تاعبيرة تاني في المدرسة؟,EGY,SYNTHETIC,NA,True,يعني كده اللي حصل، ناس تاعبيره تاني في المدرسه؟,9
البرتقال ده ماشي طعمه كويس، مش هانايمضي يومي بدونه.,EGY,SYNTHETIC,NA,True,البرتقال ده ماشي طعمه كويس، مش هانايمضي يومي بدونه,9
انا عايز اعرف ازاي تقدر تطلع نفسك من الأفكار السلبية.,EGY,SYNTHETIC,NA,True,انا عايز اعرف ازاي تقدر تطلع نفسك من الافكار السلبيه,10
مش هابعد عنك لأخر شهر رمضان، بس احسن تعرفين الحمد لله ما حدث أسوأ.,EGY,SYNTHETIC,NA,True,مش هابعد عنك لاخر شهر رمضان، بس احسن تعرفين الحمد لله ما حدث اسوا,14
هو انتي راضية عن اللي جات عليك بالكرباج اليوم؟,EGY,SYNTHETIC,NA,True,هو انتي راضيه عن اللي جات عليك بالكرباج اليوم؟,9
الحلقة دي مش بتغير رأيك بتاعك ولا تانية، ما بقى عندك تفكير خاص بخصوصها.,EGY,SYNTHETIC,NA,True,الحلقه دي مش بتغير رايك بتاعك ولا تانيه، ما بقي عندك تفكير خاص بخصوصها,14
انا خرجت يومي اللي فجر، مش عايز اتمنى شوية هدوء في الدنيا.,EGY,SYNTHETIC,NA,True,انا خرجت يومي اللي فجر، مش عايز اتمني شويه هدوء في الدنيا,12
أنا مش بقى أعمل كده انتي ما تكوني في عجلة من أمري.,EGY,SYNTHETIC,NA,True,انا مش بقي اعمل كده انتي ما تكوني في عجله من امري,12
هالطعنة كانت مسكينة، مش تاني في حياتي اشعر بالحزن.,EGY,SYNTHETIC,NA,True,هالطعنه كانت مسكينه، مش تاني في حياتي اشعر بالحزن,9
هو انتي بتكلمين ايه معانا عن الصدفة اللي حصلت بينك وبين صديقتك؟,EGY,SYNTHETIC,NA,True,هو انتي بتكلمين ايه معانا عن الصدفه اللي حصلت بينك وبين صديقتك؟,12
انا عايز اعرف ما بتفضل ازاى بالتفصيل انا بس مش عايز اعرف الاسم.,EGY,SYNTHETIC,NA,True,انا عايز اعرف ما بتفضل ازاي بالتفصيل انا بس مش عايز اعرف الاسم,13
هو انتي بتضحك تاني بعد ما كده، مش بس بس انتي بتضحك على شيء بسيط؟,EGY,SYNTHETIC,NA,True,هو انتي بتضحك تاني بعد ما كده، مش بس بس انتي بتضحك علي شيء بسيط؟,15
انا وايد ابغى اشتري حلوى للبنات,GLF,SYNTHETIC,NA,True,انا وايد ابغي اشتري حلوي للبنات,6
الناس بتتفرج على التيك توك وتتعلم,GLF,SYNTHETIC,NA,True,الناس بتتفرج علي التيك توك وتتعلم,6
شو القصة ورايا؟ مثلاً بقى في غرفة نوم برا,GLF,SYNTHETIC,NA,True,شو القصه ورايا؟ مثلا بقي في غرفه نوم برا,9
ما عندي فلوس، ايه اللي تقدر تنزل بديهي,GLF,SYNTHETIC,NA,True,ما عندي فلوس، ايه اللي تقدر تنزل بديهي,8
العمي لو كان بايدن رئيس علشان ما تكون فيه جائحة,GLF,SYNTHETIC,NA,True,العمي لو كان بايدن رئيس علشان ما تكون فيه جائحه,10
توظيف مشان الحمد الله، لكن شلون المدخرات بتبقى,GLF,SYNTHETIC,NA,True,توظيف مشان الحمد الله، لكن شلون المدخرات بتبقي,8
ما عندهم شي لفافات، هاد السحور ما يبقى لافات,GLF,SYNTHETIC,NA,True,ما عندهم شي لفافات، هاد السحور ما يبقي لافات,9
اللي يروح الشاونت لا يبقاش جايب شي,GLF,SYNTHETIC,NA,True,اللي يروح الشاونت لا يبقاش جايب شي,7
مين اللي فرح بالعمل الجيد ومش سعيد بيروح العرس ديله,GLF,SYNTHETIC,NA,True,مين اللي فرح بالعمل الجيد ومش سعيد بيروح العرس ديله,10
الزوجة ما تتقاعس في طبخ الاكل ولا تبخل به,GLF,SYNTHETIC,NA,True,الزوجه ما تتقاعس في طبخ الاكل ولا تبخل به,9
شلون الكاميرا بتقدر تظهر الشخصية والطبيعة معاها؟,GLF,SYNTHETIC,NA,True,شلون الكاميرا بتقدر تظهر الشخصيه والطبيعه معاها؟,7
انا ما عندني خبر في الطقس الباكر,GLF,SYNTHETIC,NA,True,انا ما عندني خبر في الطقس الباكر,7
شو اللي بتعمل بالترفيه عن الأطفال في الشارع؟,GLF,SYNTHETIC,NA,True,شو اللي بتعمل بالترفيه عن الاطفال في الشارع؟,8
مين اللي بنسب القصة ديال المريض في المستشفى؟,GLF,SYNTHETIC,NA,True,مين اللي بنسب القصه ديال المريض في المستشفي؟,8
الخروف ما طلع طاهراً، هاد اللي جاب الضحك على الجميع,GLF,SYNTHETIC,NA,True,الخروف ما طلع طاهرا، هاد اللي جاب الضحك علي الجميع,10
لو كان بدي اشتري حليب، كم سأدفع في الدكان,GLF,SYNTHETIC,NA,True,لو كان بدي اشتري حليب، كم سادفع في الدكان,9
الحاجة ديال الميزان اللي بينا وراها، ما تقدر تخدمني في حاجة,GLF,SYNTHETIC,NA,True,الحاجه ديال الميزان اللي بينا وراها، ما تقدر تخدمني في حاجه,11
ما عندي شي رغبة في تاني جينز، بقى جنب البلايزر الوحيد,GLF,SYNTHETIC,NA,True,ما عندي شي رغبه في تاني جينز، بقي جنب البلايزر الوحيد,11
الخنزير ما عنده برد، يعني ما يبقاش طازجاً بس قليل المذاق,GLF,SYNTHETIC,NA,True,الخنزير ما عنده برد، يعني ما يبقاش طازجا بس قليل المذاق,11
ليش الصوت ديله ما تشبه الاصوات الطبيعية في الفيديوهات؟,GLF,SYNTHETIC,NA,True,ليش الصوت ديله ما تشبه الاصوات الطبيعيه في الفيديوهات؟,9
وايد ما عرفت ارد على السؤال؟,GLF,SYNTHETIC,NA,True,وايد ما عرفت ارد علي السؤال؟,6
تراه الحدث ده جاي بيغير موقفه؟,GLF,SYNTHETIC,NA,True,تراه الحدث ده جاي بيغير موقفه؟,6
اغبى اروح تانية لبيت我妈 واصبر,GLF,SYNTHETIC,NA,True,اغبي اروح تانيه لبيت واصبر,5
شو اللي حدا ضحك على راسي قبل الفطور؟,GLF,SYNTHETIC,NA,True,شو اللي حدا ضحك علي راسي قبل الفطور؟,8
دايمًا ما عايز أشوف الصورة دي في الواتساب,GLF,SYNTHETIC,NA,True,دايما ما عايز اشوف الصوره دي في الواتساب,8
مو فضول منك انتي تعرفتي كل اللي جرا في البيت؟,GLF,SYNTHETIC,NA,True,مو فضول منك انتي تعرفتي كل اللي جرا في البيت؟,10
لو ما تقدر تجيب ورقة ناسية بسرعة وايد؟,GLF,SYNTHETIC,NA,True,لو ما تقدر تجيب ورقه ناسيه بسرعه وايد؟,8
شو اللي مراتنا كانت تقريظ عليهم في المدرسة؟,GLF,SYNTHETIC,NA,True,شو اللي مراتنا كانت تقريظ عليهم في المدرسه؟,8
أبغى اخلي العيون على الكاميرا واترك الصوت مشغل,GLF,SYNTHETIC,NA,True,ابغي اخلي العيون علي الكاميرا واترك الصوت مشغل,8
شلونك تانى تتعاملين مع زوجك في الشغل؟,GLF,SYNTHETIC,NA,True,شلونك تاني تتعاملين مع زوجك في الشغل؟,7
دايمًا ما فهمت كيف تعلمت التفكير السريع؟,GLF,SYNTHETIC,NA,True,دايما ما فهمت كيف تعلمت التفكير السريع؟,7
ما فهمت كلامه ده ممكن يكون خدمة انتقالية؟,GLF,SYNTHETIC,NA,True,ما فهمت كلامه ده ممكن يكون خدمه انتقاليه؟,8
لو عايز تشتري هاشتاج، ما تنسى أن تكون واضحًا,GLF,SYNTHETIC,NA,True,لو عايز تشتري هاشتاج، ما تنسي ان تكون واضحا,9
تراه تاني تدخلوا الجروبات والقائمة على الفيس بوك؟,GLF,SYNTHETIC,NA,True,تراه تاني تدخلوا الجروبات والقائمه علي الفيس بوك؟,8
ما ايد تعرفين أي دعاء قرأتي في رمضان ده؟,GLF,SYNTHETIC,NA,True,ما ايد تعرفين اي دعاء قراتي في رمضان ده؟,9
شو اللي تاني حدا أزعجته في العمل؟,GLF,SYNTHETIC,NA,True,شو اللي تاني حدا ازعجته في العمل؟,7
أبغى أسأل عن فعالية هذا الدواء على البشر؟,GLF,SYNTHETIC,NA,True,ابغي اسال عن فعاليه هذا الدواء علي البشر؟,8
لو شافتك في الطريق، ما تقولي له مفيش شي؟,GLF,SYNTHETIC,NA,True,لو شافتك في الطريق، ما تقولي له مفيش شي؟,9
مو فكرة مفيدة أصلاً أن نحكي أسرار الناس للناس؟,GLF,SYNTHETIC,NA,True,مو فكره مفيده اصلا ان نحكي اسرار الناس للناس؟,9
عايز اغطي الزين ده براي الناس وايد بس مش راضٍ عن جودة العشب,GLF,SYNTHETIC,NA,True,عايز اغطي الزين ده براي الناس وايد بس مش راض عن جوده العشب,13
مابعرف ما ابغى اجيب فيدوس عليه وايمان شو حالي بتاعته خلصت كمان,GLF,SYNTHETIC,NA,True,مابعرف ما ابغي اجيب فيدوس عليه وايمان شو حالي بتاعته خلصت كمان,12
كويس ناس التلفون اللي بستخدمناه طول الوقت والبراغماتية بتاعت الغادي محتاجة تغير,GLF,SYNTHETIC,NA,True,كويس ناس التلفون اللي بستخدمناه طول الوقت والبراغماتيه بتاعت الغادي محتاجه تغير,12
لو ما تقدر تعرف تانيه انا ما ابغى اشتري موبيل جديد وايمان هيروح مكتبي,GLF,SYNTHETIC,NA,True,لو ما تقدر تعرف تانيه انا ما ابغي اشتري موبيل جديد وايمان هيروح مكتبي,14
شو اللي حصل بين غادي وشقيقتي بعد ما حاولت تعرف معاها وايد كان عندو كلام مهم,GLF,SYNTHETIC,NA,True,شو اللي حصل بين غادي وشقيقتي بعد ما حاولت تعرف معاها وايد كان عندو كلام مهم,16
عايز اعرف ما بيفضل لو اخليش الغادي يركب دراجة نارية معاه وايمان ما تتفهم الفكرة,GLF,SYNTHETIC,NA,True,عايز اعرف ما بيفضل لو اخليش الغادي يركب دراجه ناريه معاه وايمان ما تتفهم الفكره,15
مش هاقعد اقرأ في الدوام ولا أشتغل وايمان هيعرف من هو اللي بيحترف بالضبط,GLF,SYNTHETIC,NA,True,مش هاقعد اقرا في الدوام ولا اشتغل وايمان هيعرف من هو اللي بيحترف بالضبط,14
شو اللي حصل بين اخوي واخيه بعدما حاولوا يجربوا التفاهم مع بعض وايد حرفوها وايدي,GLF,SYNTHETIC,NA,True,شو اللي حصل بين اخوي واخيه بعدما حاولوا يجربوا التفاهم مع بعض وايد حرفوها وايدي,15
ليش غادي مش هيتقي للناس بالطريق وايمان هيعرف انها بتعتذر من الناس,GLF,SYNTHETIC,NA,True,ليش غادي مش هيتقي للناس بالطريق وايمان هيعرف انها بتعتذر من الناس,12
ما فهمت كيف يقدر الغادي بيدي حدا ولا يبقى مع حدا في نفس الوقت وايمان هيعرف انها تانية,GLF,SYNTHETIC,NA,True,ما فهمت كيف يقدر الغادي بيدي حدا ولا يبقي مع حدا في نفس الوقت وايمان هيعرف انها تانيه,18
عايز اعرف ما بيفضل اخلي الغادي يبقى مع الست اللي بتوعه معايا وايمان هيعرف انها تانية,GLF,SYNTHETIC,NA,True,عايز اعرف ما بيفضل اخلي الغادي يبقي مع الست اللي بتوعه معايا وايمان هيعرف انها تانيه,16
تودي وايد ما طلع شي لازم يبقى بيننا واحنا بنعرف بعض وايمان هيعرف انها تانية,GLF,SYNTHETIC,NA,True,تودي وايد ما طلع شي لازم يبقي بيننا واحنا بنعرف بعض وايمان هيعرف انها تانيه,15
ما عادي انا اشتغل وايمان هيعرف انها ما اخليش الاشي اللي بيفضل يخليش معانا,GLF,SYNTHETIC,NA,True,ما عادي انا اشتغل وايمان هيعرف انها ما اخليش الاشي اللي بيفضل يخليش معانا,14
تراجعت وايد من قراري بس ما تحسنت الحياة وايمان هيعرف انها تانية,GLF,SYNTHETIC,NA,True,تراجعت وايد من قراري بس ما تحسنت الحياه وايمان هيعرف انها تانيه,12
أنا ما راح اخلي الغادي يتعرض لمشاكل كثيرة وايمان هيعرف انها تانية,GLF,SYNTHETIC,NA,True,انا ما راح اخلي الغادي يتعرض لمشاكل كثيره وايمان هيعرف انها تانيه,12
ما عادي انا بنشر الفيديوهات وايمان هيعرف انها تانية,GLF,SYNTHETIC,NA,True,ما عادي انا بنشر الفيديوهات وايمان هيعرف انها تانيه,9
أنا ما راح اشتغل وايمان هيعرف انها تانية,GLF,SYNTHETIC,NA,True,انا ما راح اشتغل وايمان هيعرف انها تانيه,8
ما فيش مشكلة اذا اخلي الغادي يبقى براي شخصي وايمان هيعرف انها تانية,GLF,SYNTHETIC,NA,True,ما فيش مشكله اذا اخلي الغادي يبقي براي شخصي وايمان هيعرف انها تانيه,13
ليش لا يمكن اتجوز شخص انا كنت افكر فيه وايمان هيعرف انها تانية,GLF,SYNTHETIC,NA,True,ليش لا يمكن اتجوز شخص انا كنت افكر فيه وايمان هيعرف انها تانيه,13
عايزين نجيب كمان وايد كده؟,GLF,SYNTHETIC,NA,True,عايزين نجيب كمان وايد كده؟,5
عايزين اعرف شو جوا الصيف ده,GLF,SYNTHETIC,NA,True,عايزين اعرف شو جوا الصيف ده,6
عايزين تراه يوصل للعمل وايد,GLF,SYNTHETIC,NA,True,عايزين تراه يوصل للعمل وايد,5
أنا ما فهمت هالرسالة دقيقة,GLF,SYNTHETIC,NA,True,انا ما فهمت هالرساله دقيقه,5
شو القصة وراء هالتجارة الجديدة؟,GLF,SYNTHETIC,NA,True,شو القصه وراء هالتجاره الجديده؟,5
هو مو بيعمل كده بس عشان ي earned المليارات,GLF,SYNTHETIC,NA,True,هو مو بيعمل كده بس عشان ي المليارات,8
مش هنقبل كده منكم في العقد,GLF,SYNTHETIC,NA,True,مش هنقبل كده منكم في العقد,6
انا عندي حاسة تانية بحال الشوارع دي,GLF,SYNTHETIC,NA,True,انا عندي حاسه تانيه بحال الشوارع دي,7
شو اللي جعله اهتم بالغداء الصحي,GLF,SYNTHETIC,NA,True,شو اللي جعله اهتم بالغداء الصحي,6
عايزين نعرف شنو حكاية الهجوم على المنشاة,GLF,SYNTHETIC,NA,True,عايزين نعرف شنو حكايه الهجوم علي المنشاه,7
أنا متأكد ان التغيير سيساهم في الازدهار,GLF,SYNTHETIC,NA,True,انا متاكد ان التغيير سيساهم في الازدهار,7
شو اللي جابه الكاتب على النحو الرائع في كتابه,GLF,SYNTHETIC,NA,True,شو اللي جابه الكاتب علي النحو الرائع في كتابه,9
أنا عندي تصور خاص لحل المشكله دي,GLF,SYNTHETIC,NA,True,انا عندي تصور خاص لحل المشكله دي,7
هو اللي اخده مني اموال العمل اللي كانت معروضة للبيع,GLF,SYNTHETIC,NA,True,هو اللي اخده مني اموال العمل اللي كانت معروضه للبيع,10
شو اللي جابهه على طلب الوظيفة دي في المؤسسة؟,GLF,SYNTHETIC,NA,True,شو اللي جابهه علي طلب الوظيفه دي في المؤسسه؟,9
ما فهمت كيف يقدر يشتري السندات دي بأقل سعر,GLF,SYNTHETIC,NA,True,ما فهمت كيف يقدر يشتري السندات دي باقل سعر,9
عايزين نعرف شنو اللي جابهه للعمل دي بعد الفشل,GLF,SYNTHETIC,NA,True,عايزين نعرف شنو اللي جابهه للعمل دي بعد الفشل,9
البيت بيروح البيت ومش هنعرف حكاية الاختفاء دي,GLF,SYNTHETIC,NA,True,البيت بيروح البيت ومش هنعرف حكايه الاختفاء دي,8
شو اللي جابهه على الفوز بهذا الحدث الرياضي؟,GLF,SYNTHETIC,NA,True,شو اللي جابهه علي الفوز بهذا الحدث الرياضي؟,8
أنا عندي حاسة خفية بان الشيء اللي جابهه على النجاح,GLF,SYNTHETIC,NA,True,انا عندي حاسه خفيه بان الشيء اللي جابهه علي النجاح,10
مش هونفخ في الصفيح برضه عشان الجوع اللي عندك وايد,GLF,SYNTHETIC,NA,True,مش هونفخ في الصفيح برضه عشان الجوع اللي عندك وايد,10
وايد ما شفتها التلفزيون، تراه ما طلع فيها شيء جديد,GLF,SYNTHETIC,NA,True,وايد ما شفتها التلفزيون، تراه ما طلع فيها شيء جديد,10
شوف القمر ساطع، ابغى اروح الساحل وايده للراحة,GLF,SYNTHETIC,NA,True,شوف القمر ساطع، ابغي اروح الساحل وايده للراحه,8
هو في العمل عندي مو بخير، تراه ما في حال غيرها معايا,GLF,SYNTHETIC,NA,True,هو في العمل عندي مو بخير، تراه ما في حال غيرها معايا,12
ما ادرى لما يزعل الناس، ترى انا لو زعلت كذا ما يكونوا يستحملوني,GLF,SYNTHETIC,NA,True,ما ادري لما يزعل الناس، تري انا لو زعلت كذا ما يكونوا يستحملوني,13
شو اللي حصل بين صديقيين قبل يوم، وايد ما اعرف معلومات دقيقة عنهما,GLF,SYNTHETIC,NA,True,شو اللي حصل بين صديقيين قبل يوم، وايد ما اعرف معلومات دقيقه عنهما,13
ما اتفقش على شيء مع النجار، تراه كان جاهز للتفاوض والحل,GLF,SYNTHETIC,NA,True,ما اتفقش علي شيء مع النجار، تراه كان جاهز للتفاوض والحل,11
ليش كل الصباح اشعر بالتعب، ترى هو بسبب القيل والقال,GLF,SYNTHETIC,NA,True,ليش كل الصباح اشعر بالتعب، تري هو بسبب القيل والقال,10
معانا الليالي دي، ابغى نشوف فيلم كوميدي وايده يخفف من الضغط,GLF,SYNTHETIC,NA,True,معانا الليالي دي، ابغي نشوف فيلم كوميدي وايده يخفف من الضغط,11
هو في الاكل اللي عندي، تراه اذا اشتريت خضارا م新鲜 أقوى وأكثر قيمة غذائيا,GLF,SYNTHETIC,NA,True,هو في الاكل اللي عندي، تراه اذا اشتريت خضارا م اقوي واكثر قيمه غذائيا,14
شو اللي حصل عند الفلاح، وايد ما عرفت من المزارعين حتى يكونوا مشيرين,GLF,SYNTHETIC,NA,True,شو اللي حصل عند الفلاح، وايد ما عرفت من المزارعين حتي يكونوا مشيرين,13
من قال ما يكونوا حاسرين، تراه اللي ما حاسبهم على ذنب غيرهم,GLF,SYNTHETIC,NA,True,من قال ما يكونوا حاسرين، تراه اللي ما حاسبهم علي ذنب غيرهم,12
في الشوارع الحارة، تراه الناس تقضي الوقت في الدراجات الهوائية وايده,GLF,SYNTHETIC,NA,True,في الشوارع الحاره، تراه الناس تقضي الوقت في الدراجات الهوائيه وايده,11
هو في اجتماع في العمل، تراه يجلس ويتأمل لحظة توقف الاتصالات,GLF,SYNTHETIC,NA,True,هو في اجتماع في العمل، تراه يجلس ويتامل لحظه توقف الاتصالات,11
أول ما استيقظت، تراه النافذه تطل على حقول الخضروات وايده جميلة,GLF,SYNTHETIC,NA,True,اول ما استيقظت، تراه النافذه تطل علي حقول الخضروات وايده جميله,11
ما ادرى من صوت الجرس الصاخب، تراه من باب المنزل او من الطابق العلوي,GLF,SYNTHETIC,NA,True,ما ادري من صوت الجرس الصاخب، تراه من باب المنزل او من الطابق العلوي,14
أنا بحب الصيف، تراه اللي بيوم حار ومشمس وايده مميز جداً,GLF,SYNTHETIC,NA,True,انا بحب الصيف، تراه اللي بيوم حار ومشمس وايده مميز جدا,11
لو تعرف اللي حصل بيني وبين صديق، تراه افكر في الموضوع ولا اتكلم عنه,GLF,SYNTHETIC,NA,True,لو تعرف اللي حصل بيني وبين صديق، تراه افكر في الموضوع ولا اتكلم عنه,14
هو اللي اخلى بيت ورحيله عن القرية، تراه من الصور القديمة وال nostalgيا,GLF,SYNTHETIC,NA,True,هو اللي اخلي بيت ورحيله عن القريه، تراه من الصور القديمه وال يا,13
أنا ما شفت صور حفل الزفاف، تراه حافظ عليها وايده في الذاكرة قوي.,GLF,SYNTHETIC,NA,True,انا ما شفت صور حفل الزفاف، تراه حافظ عليها وايده في الذاكره قوي,13
دا اللي مافهمته وايد انا كنت اظن ان الموضوع مستمر,GLF,SYNTHETIC,NA,True,دا اللي مافهمته وايد انا كنت اظن ان الموضوع مستمر,10
تودي تعرف مين هو المغرم بالسعودية وايد,GLF,SYNTHETIC,NA,True,تودي تعرف مين هو المغرم بالسعوديه وايد,7
الموضوع ده حلو جدًا وايد شنو اللي ممكن يسبب القلق,GLF,SYNTHETIC,NA,True,الموضوع ده حلو جدا وايد شنو اللي ممكن يسبب القلق,10
شو بدربك للعمل وايد مش بتكلم عن اجازتك,GLF,SYNTHETIC,NA,True,شو بدربك للعمل وايد مش بتكلم عن اجازتك,8
محدش فهم طبعاً وايد هو اللي فهمه صح كان بياعو السجائر,GLF,SYNTHETIC,NA,True,محدش فهم طبعا وايد هو اللي فهمه صح كان بياعو السجائر,11
مفيش حاجة تانية بتحبها الا الطبيعة والرمال وايد,GLF,SYNTHETIC,NA,True,مفيش حاجه تانيه بتحبها الا الطبيعه والرمال وايد,8
ما زعلت على الراجل بعد ما قال لي ده وايد عايزا اقدر ارجع تاني,GLF,SYNTHETIC,NA,True,ما زعلت علي الراجل بعد ما قال لي ده وايد عايزا اقدر ارجع تاني,14
شكو رأيك في الصحفية الجديدة وايد مافهمتها من كلامها,GLF,SYNTHETIC,NA,True,شكو رايك في الصحفيه الجديده وايد مافهمتها من كلامها,9
لو بقيت هنا وايد لما بسكتة على الحرامي وايد,GLF,SYNTHETIC,NA,True,لو بقيت هنا وايد لما بسكته علي الحرامي وايد,9
البلازا بتاعتي وايد مازالت بتعمل خدمة الجوال بشكل طبيعي,GLF,SYNTHETIC,NA,True,البلازا بتاعتي وايد مازالت بتعمل خدمه الجوال بشكل طبيعي,9
ده الموقف ما يرضي الناس بالسعودية وايد,GLF,SYNTHETIC,NA,True,ده الموقف ما يرضي الناس بالسعوديه وايد,7
الناس كلها تقول بس الحادثة دي وايد مش قابلة للتفكر,GLF,SYNTHETIC,NA,True,الناس كلها تقول بس الحادثه دي وايد مش قابله للتفكر,10
أكيد الفرقة دي تاني ما بتفرق بين الشباب وايد,GLF,SYNTHETIC,NA,True,اكيد الفرقه دي تاني ما بتفرق بين الشباب وايد,9
تاني ما أفهم مين اللي قاعد يشتري السجائر وايد,GLF,SYNTHETIC,NA,True,تاني ما افهم مين اللي قاعد يشتري السجائر وايد,9
أكيد اخدت صور اللي كشفت عليهم وايد وانتي كمان تزورين,GLF,SYNTHETIC,NA,True,اكيد اخدت صور اللي كشفت عليهم وايد وانتي كمان تزورين,10
ده اللي جابني لانهاية الشغل وايد هو اللي جابني للاجازة,GLF,SYNTHETIC,NA,True,ده اللي جابني لانهايه الشغل وايد هو اللي جابني للاجازه,10
الجديد ده تاني بيعملوا تغييرات وايد بس مش عجبني كلامهم,GLF,SYNTHETIC,NA,True,الجديد ده تاني بيعملوا تغييرات وايد بس مش عجبني كلامهم,10
الخطة دي اللي جابتني لو عملت تاجرا وايد لا أتمنى اشتغل فيها,GLF,SYNTHETIC,NA,True,الخطه دي اللي جابتني لو عملت تاجرا وايد لا اتمني اشتغل فيها,12
الكلام ده ما يقنعني ولا يريحني وايد انا محتاجة إيجابية تاني,GLF,SYNTHETIC,NA,True,الكلام ده ما يقنعني ولا يريحني وايد انا محتاجه ايجابيه تاني,11
عايز اعرف كيف تكوني ناويت اكل الكباب ده,GLF,SYNTHETIC,NA,True,عايز اعرف كيف تكوني ناويت اكل الكباب ده,8
تانيه ما فيش فايدة اشوف هاد الفيديو الجديد على انستغرام,GLF,SYNTHETIC,NA,True,تانيه ما فيش فايده اشوف هاد الفيديو الجديد علي انستغرام,10
تلاقينا ناس بتقول لو كان عندنا زينة في البيت مشان البيت يكون مريح,GLF,SYNTHETIC,NA,True,تلاقينا ناس بتقول لو كان عندنا زينه في البيت مشان البيت يكون مريح,13
أحلى لحظة وايد شفتك ترتاحين عشان اللي بيمر في حياة,GLF,SYNTHETIC,NA,True,احلي لحظه وايد شفتك ترتاحين عشان اللي بيمر في حياه,10
شو اللي جات على قلبي ورايا تانيه ما عرفته الا بعد طول سكران,GLF,SYNTHETIC,NA,True,شو اللي جات علي قلبي ورايا تانيه ما عرفته الا بعد طول سكران,13
شوفت شاباً جميل بجد وايد بنتي تروح مكتبه تاني يوم,GLF,SYNTHETIC,NA,True,شوفت شابا جميل بجد وايد بنتي تروح مكتبه تاني يوم,10
معانا في البيت خلصنا نحكي على الطاولة عن كل حاجة وايد,GLF,SYNTHETIC,NA,True,معانا في البيت خلصنا نحكي علي الطاوله عن كل حاجه وايد,11
لو كانت حبيبي بتعرف شي تاني عن حياتي لما تجديها بتكلمني عن الأشياء البسيطة,GLF,SYNTHETIC,NA,True,لو كانت حبيبي بتعرف شي تاني عن حياتي لما تجديها بتكلمني عن الاشياء البسيطه,14
أنا محتاجين شوية وقت نروح البيت ولا نشبع العظام بالعمل وايد,GLF,SYNTHETIC,NA,True,انا محتاجين شويه وقت نروح البيت ولا نشبع العظام بالعمل وايد,11
أنا بقاش غاضب ورايا ما أنتِ بتعديني على شيء من حبيبي,GLF,SYNTHETIC,NA,True,انا بقاش غاضب ورايا ما انت بتعديني علي شيء من حبيبي,11
ما فيش جدوى اطلب من الناس ان يغيروا حياتهم انتوا بأفعالكم تغيروها,GLF,SYNTHETIC,NA,True,ما فيش جدوي اطلب من الناس ان يغيروا حياتهم انتوا بافعالكم تغيروها,12
أنا حاولت انظر في الملف دي ولا أقدر أفهم شي واحد وايد,GLF,SYNTHETIC,NA,True,انا حاولت انظر في الملف دي ولا اقدر افهم شي واحد وايد,12
أكيد محتاجين نخلي الناس تتواصل أكثر على مواقع التواصل الاجتماعي وايد,GLF,SYNTHETIC,NA,True,اكيد محتاجين نخلي الناس تتواصل اكثر علي مواقع التواصل الاجتماعي وايد,11
أكيد هاد الموضوع بيضايق فين محتاجين نحكي مع بعض وايد,GLF,SYNTHETIC,NA,True,اكيد هاد الموضوع بيضايق فين محتاجين نحكي مع بعض وايد,10
أنا ما عندوش فكرة انا كده بقاش عاوز أعرف اجيب مفتاح البيت وايد,GLF,SYNTHETIC,NA,True,انا ما عندوش فكره انا كده بقاش عاوز اعرف اجيب مفتاح البيت وايد,13
أنا بحب إيه اللي عندك في الحفلة بتاعتي وايد تانيه ما أعرفه الا من الصور اللي في الهاتف,GLF,SYNTHETIC,NA,True,انا بحب ايه اللي عندك في الحفله بتاعتي وايد تانيه ما اعرفه الا من الصور اللي في الهاتف,18
أنا ما شفت يوم كدا من حبيبي وايد بقيت بقلبي وايد,GLF,SYNTHETIC,NA,True,انا ما شفت يوم كدا من حبيبي وايد بقيت بقلبي وايد,11
أنا بحب اعرف اكتر مية شوية عن الناس وايد بقيت مثلا وايد,GLF,SYNTHETIC,NA,True,انا بحب اعرف اكتر ميه شويه عن الناس وايد بقيت مثلا وايد,12
أكيد أنا ما شفت يوم كدا من حبيبي وايد بقيت أحس به وايد,GLF,SYNTHETIC,NA,True,اكيد انا ما شفت يوم كدا من حبيبي وايد بقيت احس به وايد,13
وايد الصبح نوم خلاني كسير شوية وايد,GLF,SYNTHETIC,NA,True,وايد الصبح نوم خلاني كسير شويه وايد,7
تعالي وايد نشتري مكتبة بدل الكومبيuter اللي جاي عني,GLF,SYNTHETIC,NA,True,تعالي وايد نشتري مكتبه بدل الكومبي اللي جاي عني,9
شو العيب على الفيس بوك ياحبيبي؟ تراه دائماً تغرق في الهاشتاغات,GLF,SYNTHETIC,NA,True,شو العيب علي الفيس بوك ياحبيبي؟ تراه دائما تغرق في الهاشتاغات,11
اغلب الأوقات أعيش بالفسيفساء مع الأحلام اللي جايمة وايد,GLF,SYNTHETIC,NA,True,اغلب الاوقات اعيش بالفسيفساء مع الاحلام اللي جايمه وايد,9
مع السلامة وايد عشان ما أخاف عليك عند التحرك,GLF,SYNTHETIC,NA,True,مع السلامه وايد عشان ما اخاف عليك عند التحرك,9
تري ما كان عندهم وقت ليعجبوا بأغاني المهرجانات اصلاً,GLF,SYNTHETIC,NA,True,تري ما كان عندهم وقت ليعجبوا باغاني المهرجانات اصلا,9
محتاج للياقة بدنية وايد للخروج في الجولات اللي أعرفها,GLF,SYNTHETIC,NA,True,محتاج للياقه بدنيه وايد للخروج في الجولات اللي اعرفها,9
دايمًا ما أعرف أستعد قبل العمل انا وايد,GLF,SYNTHETIC,NA,True,دايما ما اعرف استعد قبل العمل انا وايد,8
شو حكاية السرور اللي جاييني بالصدفة من وراء الشجرة؟ تراه عادي,GLF,SYNTHETIC,NA,True,شو حكايه السرور اللي جاييني بالصدفه من وراء الشجره؟ تراه عادي,11
مو مهم ان تقدر تعلم باللي تعرفه عشان اللي عايزين تتعلمه بعدين,GLF,SYNTHETIC,NA,True,مو مهم ان تقدر تعلم باللي تعرفه عشان اللي عايزين تتعلمه بعدين,12
إحساس بالضيق زي كدة وايد بتاعتي ما أقدر أخرج من الحزازيات,GLF,SYNTHETIC,NA,True,احساس بالضيق زي كده وايد بتاعتي ما اقدر اخرج من الحزازيات,11
أنا في الغفلة وايد أتعلم أكل الفراولة بيدي,GLF,SYNTHETIC,NA,True,انا في الغفله وايد اتعلم اكل الفراوله بيدي,8
أنا مش هاجلس انتظر حتى أكمل السفر وايد,GLF,SYNTHETIC,NA,True,انا مش هاجلس انتظر حتي اكمل السفر وايد,8
لو في شي أخر طلع من النهار داينا ينصحوني بايه؟ تراه أنت يا أخوي,GLF,SYNTHETIC,NA,True,لو في شي اخر طلع من النهار داينا ينصحوني بايه؟ تراه انت يا اخوي,14
مو بدي أعرف حجم مشاعر الغربة بعدين وايد,GLF,SYNTHETIC,NA,True,مو بدي اعرف حجم مشاعر الغربه بعدين وايد,8
أنا وايد بحب تجربة الأطعمة الجديدة والمعقدة,GLF,SYNTHETIC,NA,True,انا وايد بحب تجربه الاطعمه الجديده والمعقده,7
أنا وايد ما قدرت أتحمل غيابك بعدين,GLF,SYNTHETIC,NA,True,انا وايد ما قدرت اتحمل غيابك بعدين,7
مو فكر في أي شيء تاني وايد لحتى أكمل التدريب,GLF,SYNTHETIC,NA,True,مو فكر في اي شيء تاني وايد لحتي اكمل التدريب,10
وايد قولي انتي ما تحبين طبخ التونكاش؟,GLF,SYNTHETIC,NA,True,وايد قولي انتي ما تحبين طبخ التونكاش؟,7
تراه الجيران كانوا يزورون البيت زي ما كانوا يفترشون الناموس؟,GLF,SYNTHETIC,NA,True,تراه الجيران كانوا يزورون البيت زي ما كانوا يفترشون الناموس؟,10
ما حابب اروح يوم غد للمدرسة باش اعرف ايه ما جاتلي في الايام اللي ماضية,GLF,SYNTHETIC,NA,True,ما حابب اروح يوم غد للمدرسه باش اعرف ايه ما جاتلي في الايام اللي ماضيه,15
شو بدك تشتري لبيتنا غدا من البقالة اخبار جديدة عن صاحب السفارة اللي كان بيطحن القمح؟,GLF,SYNTHETIC,NA,True,شو بدك تشتري لبيتنا غدا من البقاله اخبار جديده عن صاحب السفاره اللي كان بيطحن القمح؟,16
اغلب اللي يعملون معاه في شركة البريد ممكن يحسدوني على رواتبي زي ما يحسدو على ماء الورد,GLF,SYNTHETIC,NA,True,اغلب اللي يعملون معاه في شركه البريد ممكن يحسدوني علي رواتبي زي ما يحسدو علي ماء الورد,17
مو برضو ما حابب اتكلم معه وايد لما ما انا بعرف نظرات وجهه ولا سمعته صوته حتى انا اناشده على خاطره,GLF,SYNTHETIC,NA,True,مو برضو ما حابب اتكلم معه وايد لما ما انا بعرف نظرات وجهه ولا سمعته صوته حتي انا اناشده علي خاطره,21
"دايمًا اللي يروح المكتبة يقرأ القرآن الكريم والقرآن باللهجة السعيدية، يرجع بقولة ""ما كتر قراني؟""",GLF,SYNTHETIC,NA,True,دايما اللي يروح المكتبه يقرا القران الكريم والقران باللهجه السعيديه، يرجع بقوله ما كتر قراني؟,15
مفيش حاجة تانية بدو حاجة تانية في البيت وايد اللي ما حصلش لازم يبقى ما يحصل وايد,GLF,SYNTHETIC,NA,True,مفيش حاجه تانيه بدو حاجه تانيه في البيت وايد اللي ما حصلش لازم يبقي ما يحصل وايد,17
مفيش شي فرق بين العود والترمس الا ان العود هو ما يدخل في طبخ الكفتة والترمس ما يدخل في طبخ البطلة,GLF,SYNTHETIC,NA,True,مفيش شي فرق بين العود والترمس الا ان العود هو ما يدخل في طبخ الكفته والترمس ما يدخل في طبخ البطله,21
ما كنت بعرف ان التكنولوجيا بتغير حياتنا زي ما هي، لو كان عندي علم بالتقنية كان اعرف ما هو الحاجة اللي بتعملها على الهواتف والكمبيوتر,GLF,SYNTHETIC,NA,True,ما كنت بعرف ان التكنولوجيا بتغير حياتنا زي ما هي، لو كان عندي علم بالتقنيه كان اعرف ما هو الحاجه اللي بتعملها علي الهواتف والكمبيوتر,25
مش هادئين حتى الليل، كل اللي ما ننام بس نستمع لحفلة الأغاني على الموبايل والجاتيلين، وشو مفيش من الراكبيين في الشارع اللي ما يلعبون الشطرنج أو الاربعة الاربعين,GLF,SYNTHETIC,NA,True,مش هادئين حتي الليل، كل اللي ما ننام بس نستمع لحفله الاغاني علي الموبايل والجاتيلين، وشو مفيش من الراكبيين في الشارع اللي ما يلعبون الشطرنج او الاربعه الاربعين,28
لا تقلق، بس اكيد عندك معلومات جديدة وايد، وشوشت عليها ليه؟,GLF,SYNTHETIC,NA,True,لا تقلق، بس اكيد عندك معلومات جديده وايد، وشوشت عليها ليه؟,11
أنا محتاج أسابيح، ودي أعرف أسابيح من كيوتو، وأنا أبحث عنها على الانترنت وايد، اتمنى أجد واحدة أخنوش فيها,GLF,SYNTHETIC,NA,True,انا محتاج اسابيح، ودي اعرف اسابيح من كيوتو، وانا ابحث عنها علي الانترنت وايد، اتمني اجد واحده اخنوش فيها,19
أنا بحب أركب السيارة، والسيارة تجبرني على الصعود إلى الجبال، ولكن بعدين، ما انا بعرف اركب السيارة في الجبل، أبغى أعرف كيف أركب السيارة في الجبل,GLF,SYNTHETIC,NA,True,انا بحب اركب السياره، والسياره تجبرني علي الصعود الي الجبال، ولكن بعدين، ما انا بعرف اركب السياره في الجبل، ابغي اعرف كيف اركب السياره في الجبل,26
إذًا يا ترى من الذي يقرر إذا كانت الأطعمة خالية من الغلوتين، وما إذا كان الطعام الخالي من الغلوتين يكون طيبًا لشخص معين؟,GLF,SYNTHETIC,NA,True,اذا يا تري من الذي يقرر اذا كانت الاطعمه خاليه من الغلوتين، وما اذا كان الطعام الخالي من الغلوتين يكون طيبا لشخص معين؟,23
مثلا، اللي يعمل في شركات التكنولوجيا، يقدر يضحك على نفسه، ويقول، لو كان عندي علم بالتقنية، كيف أعرف ان الناس مش فاهمة؟,GLF,SYNTHETIC,NA,True,مثلا، اللي يعمل في شركات التكنولوجيا، يقدر يضحك علي نفسه، ويقول، لو كان عندي علم بالتقنيه، كيف اعرف ان الناس مش فاهمه؟,22
إن صحة الإنسان هي القلب الدائم لكل جهود المدربين في مجال الصحة العامة.,general,SYNTHETIC,NA,True,ان صحه الانسان هي القلب الدائم لكل جهود المدربين في مجال الصحه العامه,13
بالطبع أتفق معك تماما، التكنولوجيا يمكنها أن تكون حصنًا حقيقيًا أمام التغييرات المفاجئة.,general,SYNTHETIC,NA,True,بالطبع اتفق معك تماما، التكنولوجيا يمكنها ان تكون حصنا حقيقيا امام التغييرات المفاجئه,13
في يومي، أقضي بعض الوقت في مشاركة صور طعامي عبر الفيسبوك مع الأصدقاء.,general,SYNTHETIC,NA,True,في يومي، اقضي بعض الوقت في مشاركه صور طعامي عبر الفيسبوك مع الاصدقاء,13
لقد اشاع هذا الطعام الشهير بين جماهير كرة القدم منذ بداية الموسم.,general,SYNTHETIC,NA,True,لقد اشاع هذا الطعام الشهير بين جماهير كره القدم منذ بدايه الموسم,12
أجد التحديات الصعبة تحفزني أكثر على العمل وأضعني أمام فرص أفضل.,general,SYNTHETIC,NA,True,اجد التحديات الصعبه تحفزني اكثر علي العمل واضعني امام فرص افضل,11
من الصعب العثور على منزل يناسب الجميع دون النظر إلى شروط التصميم الداخلية.,general,SYNTHETIC,NA,True,من الصعب العثور علي منزل يناسب الجميع دون النظر الي شروط التصميم الداخليه,13
كثيرون يعتبرون النشاط الفردي ضروريًا للراحة النفسية والتواصل مع الذات.,general,SYNTHETIC,NA,True,كثيرون يعتبرون النشاط الفردي ضروريا للراحه النفسيه والتواصل مع الذات,10
معظم الشباب يستخدمون السوشيال ميديا لأهداف متنوعة، منها الإطلاع على الأخبار فقط.,general,SYNTHETIC,NA,True,معظم الشباب يستخدمون السوشيال ميديا لاهداف متنوعه، منها الاطلاع علي الاخبار فقط,12
التعليم التفاعلي يخلق بيئة تعليمية أكثر متعة وجاذبية لدى الطلاب والطالبات.,general,SYNTHETIC,NA,True,التعليم التفاعلي يخلق بيئه تعليميه اكثر متعه وجاذبيه لدي الطلاب والطالبات,11
البحث عن وظيفة يتطلب الكثير من الجهد والالتزام، ولكن النتيجة تستحق العناء.,general,SYNTHETIC,NA,True,البحث عن وظيفه يتطلب الكثير من الجهد والالتزام، ولكن النتيجه تستحق العناء,12
أنا أعتقد أن الحفاظ على اللباقة في أي موقف قد يمنع الكثير من الخلافات.,general,SYNTHETIC,NA,True,انا اعتقد ان الحفاظ علي اللباقه في اي موقف قد يمنع الكثير من الخلافات,14
هذا النوع من المشاهدات يمكن أن يكون ساحراً في الأفلام الرومانسية ولكن ليس في الواقع.,general,SYNTHETIC,NA,True,هذا النوع من المشاهدات يمكن ان يكون ساحرا في الافلام الرومانسيه ولكن ليس في الواقع,15
الأكل الصحي هو أمر هام، لكن التنقل بين الوجبات البسيطة أكثر كفاءة ومريحة للموظفين.,general,SYNTHETIC,NA,True,الاكل الصحي هو امر هام، لكن التنقل بين الوجبات البسيطه اكثر كفاءه ومريحه للموظفين,14
كثير من الكتب التي أقرأها تشجعني على النظر إلى الجانب الإيجابي من الأمور.,general,SYNTHETIC,NA,True,كثير من الكتب التي اقراها تشجعني علي النظر الي الجانب الايجابي من الامور,13
أحيانا يكون الصمت من أفضل الوسائل للتوقف عن التفكير في أمور تزعجني.,general,SYNTHETIC,NA,True,احيانا يكون الصمت من افضل الوسائل للتوقف عن التفكير في امور تزعجني,12
السفر لا يقتصر فقط على الاستمتاع بالوجهات البعيدة، بل على التعلم عن الآخر أيضا.,general,SYNTHETIC,NA,True,السفر لا يقتصر فقط علي الاستمتاع بالوجهات البعيده، بل علي التعلم عن الاخر ايضا,14
أرى أنه لا يزال هناك مجال واسع للأبحاث حول عواقب التغير المناخي على المناخ العالمي.,general,SYNTHETIC,NA,True,اري انه لا يزال هناك مجال واسع للابحاث حول عواقب التغير المناخي علي المناخ العالمي,15
إذا استمريت في البقاء على درب التعلم المستمر، ستجد نفسك مستعدًا لأي تحديات قد تواجهك.,general,SYNTHETIC,NA,True,اذا استمريت في البقاء علي درب التعلم المستمر، ستجد نفسك مستعدا لاي تحديات قد تواجهك,15
يحب أغلب الأطفال اللعب في الحديقة اليوم,general,SYNTHETIC,NA,True,يحب اغلب الاطفال اللعب في الحديقه اليوم,7
لا توجد بائعات الهوى في المدينة سوى في الأسواق التقليدية القديمة,general,SYNTHETIC,NA,True,لا توجد بائعات الهوي في المدينه سوي في الاسواق التقليديه القديمه,11
أنا فعلاً سعيد بزيارتك اليوم، لك تأثير جيد على يومي,general,SYNTHETIC,NA,True,انا فعلا سعيد بزيارتك اليوم، لك تاثير جيد علي يومي,10
كثيرون يفضلون تحضير الطبق التقليدي بدلاً من ordering طعام خارجي,general,SYNTHETIC,NA,True,كثيرون يفضلون تحضير الطبق التقليدي بدلا من طعام خارجي,9
لماذا لا نجتمع للتشاور حول مشروع العمل الخيري القادم؟,general,SYNTHETIC,NA,True,لماذا لا نجتمع للتشاور حول مشروع العمل الخيري القادم؟,9
الصبر ضروري في معظم الحالات لتجاوز المواقف الصعبة,general,SYNTHETIC,NA,True,الصبر ضروري في معظم الحالات لتجاوز المواقف الصعبه,8
تبدو تلك الرسالة من صديقتي غامرة جداً في معانيها,general,SYNTHETIC,NA,True,تبدو تلك الرساله من صديقتي غامره جدا في معانيها,9
في قلب المدينة، يمكنك العثور على بعض أكبر المقاهي التقليدية,general,SYNTHETIC,NA,True,في قلب المدينه، يمكنك العثور علي بعض اكبر المقاهي التقليديه,10
أحب أن أتناول الغداء خارج المنزل من حين لآخر، خاصة في شهر الصيف,general,SYNTHETIC,NA,True,احب ان اتناول الغداء خارج المنزل من حين لاخر، خاصه في شهر الصيف,13
هل يمكننا أن نتناقش عن طرق أكثر فعالية لمكافحة التغير المناخي,general,SYNTHETIC,NA,True,هل يمكننا ان نتناقش عن طرق اكثر فعاليه لمكافحه التغير المناخي,11
عندما أشعر بالقلق، ألجأ عادة إلى الاسترخاء بفضل التأمل,general,SYNTHETIC,NA,True,عندما اشعر بالقلق، الجا عاده الي الاسترخاء بفضل التامل,9
يبدو أن الطعام الجديد الذي حضرته يناسب جميع العواطف في القائمة,general,SYNTHETIC,NA,True,يبدو ان الطعام الجديد الذي حضرته يناسب جميع العواطف في القائمه,11
في الأوقات الصعبة، تدعم الأسرة عائلتي في مواجهة التحديات,general,SYNTHETIC,NA,True,في الاوقات الصعبه، تدعم الاسره عائلتي في مواجهه التحديات,9
هذا الكاتب يكتب باللغة العربية الفصحى بطريقة مبتكرة وممتعة جداً,general,SYNTHETIC,NA,True,هذا الكاتب يكتب باللغه العربيه الفصحي بطريقه مبتكره وممتعه جدا,10
عندما تعلم ما الذي يمكن القيام به، يكون الأمر أسهل بكثير,general,SYNTHETIC,NA,True,عندما تعلم ما الذي يمكن القيام به، يكون الامر اسهل بكثير,11
في ظروف الوباء، استخدمت التكنولوجيا للاستمرار في العمل عبر الإنترنت,general,SYNTHETIC,NA,True,في ظروف الوباء، استخدمت التكنولوجيا للاستمرار في العمل عبر الانترنت,10
من الصعب دائماً أن تجد الوقت المناسب لحضور الحفلات الاجتماعية,general,SYNTHETIC,NA,True,من الصعب دائما ان تجد الوقت المناسب لحضور الحفلات الاجتماعيه,10
هذا المشروع يهدف إلى تحسين وصول الناس إلى المياه الصالحة للشرب,general,SYNTHETIC,NA,True,هذا المشروع يهدف الي تحسين وصول الناس الي المياه الصالحه للشرب,11
يُشجِّع الأطباء الأفراد على التغذية الصحية الجيدة للحفاظ على الصحة,general,SYNTHETIC,NA,True,يشجع الاطباء الافراد علي التغذيه الصحيه الجيده للحفاظ علي الصحه,10
تسعى الفتاة الصغيرة إلى الحصول على أعلى درجات في مدرستها,general,SYNTHETIC,NA,True,تسعي الفتاه الصغيره الي الحصول علي اعلي درجات في مدرستها,10
تتفاجأ زوجة الشاب باللمسة الحببية التي أهداها لها خطيبته,general,SYNTHETIC,NA,True,تتفاجا زوجه الشاب باللمسه الحببيه التي اهداها لها خطيبته,9
الحاجة ماسة لأصحاب الخبرات لمساعدة الشباب على التطور الوظيفي,general,SYNTHETIC,NA,True,الحاجه ماسه لاصحاب الخبرات لمساعده الشباب علي التطور الوظيفي,9
تشارك المعلمات الدروس عبر تطبيق درسك لتسهيل تعليم الطالبات في منازلهن,general,SYNTHETIC,NA,True,تشارك المعلمات الدروس عبر تطبيق درسك لتسهيل تعليم الطالبات في منازلهن,11
يتفهم الأخ الضيف أن الهدوء هو ما يتوقعه من قبله عند زيارة البيت,general,SYNTHETIC,NA,True,يتفهم الاخ الضيف ان الهدوء هو ما يتوقعه من قبله عند زياره البيت,13
تتسأل المرأة هل يمكنها التعبير عن مشاعرها بشكل أكثر فعالية على وسائل التواصل الاجتماعي؟,general,SYNTHETIC,NA,True,تتسال المراه هل يمكنها التعبير عن مشاعرها بشكل اكثر فعاليه علي وسائل التواصل الاجتماعي؟,14
يعاني الموظفون كثيرا من التوتر النفسي بسبب الضغوط الكبيرة في العمل,general,SYNTHETIC,NA,True,يعاني الموظفون كثيرا من التوتر النفسي بسبب الضغوط الكبيره في العمل,11
تفضل السيدة الستة بصحبة حميمة لأنها تشعر بأن هذا يجعل حياتها أكثر سعادة,general,SYNTHETIC,NA,True,تفضل السيده السته بصحبه حميمه لانها تشعر بان هذا يجعل حياتها اكثر سعاده,13
تعيش المرأة حياتها بشكل مستقل بعد وفاة والديها، ولا تعيش تحت وصايتهم,general,SYNTHETIC,NA,True,تعيش المراه حياتها بشكل مستقل بعد وفاه والديها، ولا تعيش تحت وصايتهم,12
أعجبت بالمسلسل الجميل الذي قدمه الشاعر، فهو جعل القصص الإنسانية أكثر إثارة للإعجاب,general,SYNTHETIC,NA,True,اعجبت بالمسلسل الجميل الذي قدمه الشاعر، فهو جعل القصص الانسانيه اكثر اثاره للاعجاب,13
تتفاخر الأم بذكاء ابنها الصغير الذي استطاع حل难题在一个小时内,general,SYNTHETIC,NA,True,تتفاخر الام بذكاء ابنها الصغير الذي استطاع حل,8
تستقبل الأصدقاء دائما بحنان، لكنها لا تظهر هذا الحنان للأشخاص الذين لا تقصد الإ befriending,general,SYNTHETIC,NA,True,تستقبل الاصدقاء دائما بحنان، لكنها لا تظهر هذا الحنان للاشخاص الذين لا تقصد الا,14
تتفهم الصديقة قلق صديقتها الجديدة على مرض والدتها وتشجعها على البحث عن رعاية طبية,general,SYNTHETIC,NA,True,تتفهم الصديقه قلق صديقتها الجديده علي مرض والدتها وتشجعها علي البحث عن رعايه طبيه,14
يبدو أن الشاب الجديد في العمل قد عثر على عمله حيث يجد الاستمتاع في كل يوم,general,SYNTHETIC,NA,True,يبدو ان الشاب الجديد في العمل قد عثر علي عمله حيث يجد الاستمتاع في كل يوم,16
تتفهم المدرّسة الطالبات أنهن يحتاجن إلى الوقت للتغلب على الصعوبات في تحضير الواجبات المنزلية,general,SYNTHETIC,NA,True,تتفهم المدرسه الطالبات انهن يحتاجن الي الوقت للتغلب علي الصعوبات في تحضير الواجبات المنزليه,14
تعجب الرجل بمظهر المرأة في الصور التي تم التقاطها في المناسبة الاجتماعية، وهي تبدو أكثر إشراقاً,general,SYNTHETIC,NA,True,تعجب الرجل بمظهر المراه في الصور التي تم التقاطها في المناسبه الاجتماعيه، وهي تبدو اكثر اشراقا,16
تتفوق الطالبة في اختبار الكتابة بشكل غير متوقع، مما غيّر وجهتها العملية وجعلها ترغب في الت专攻英语文学,general,SYNTHETIC,NA,True,تتفوق الطالبه في اختبار الكتابه بشكل غير متوقع، مما غير وجهتها العمليه وجعلها ترغب في الت,16
يفكر محمد في السفر إلى إيران قريبا لزيارة الأماكن التاريخية,general,SYNTHETIC,NA,True,يفكر محمد في السفر الي ايران قريبا لزياره الاماكن التاريخيه,10
العديد من الشباب يستخدمون تطبيق الفواكه للبحث عن عمل في الشارع,general,SYNTHETIC,NA,True,العديد من الشباب يستخدمون تطبيق الفواكه للبحث عن عمل في الشارع,11
أنت أجمل من أي وقت مضى، حبيبتي,general,SYNTHETIC,NA,True,انت اجمل من اي وقت مضي، حبيبتي,7
هذا الشاي يعتبر علاجا طبيعيا للعديد من الأمراض الجلدية,general,SYNTHETIC,NA,True,هذا الشاي يعتبر علاجا طبيعيا للعديد من الامراض الجلديه,9
كثير من الأطباء يشجعون تناول الخضروات يوميا للحفاظ على الصحة,general,SYNTHETIC,NA,True,كثير من الاطباء يشجعون تناول الخضروات يوميا للحفاظ علي الصحه,10
أنا ضد فكرة التدخل في شؤون دول أخرى، هذا سيعود ب Costs كبيرة على الأمن العالمي,general,SYNTHETIC,NA,True,انا ضد فكره التدخل في شؤون دول اخري، هذا سيعود ب كبيره علي الامن العالمي,15
توفيق لديه مشكلة مع زوجته بسبب عدم وجود وقته للترفيه معها,general,SYNTHETIC,NA,True,توفيق لديه مشكله مع زوجته بسبب عدم وجود وقته للترفيه معها,11
يستخدم العديد من الأشخاص الآن ميزانية الفيسبوك للتخطيط لأوقاتهم,general,SYNTHETIC,NA,True,يستخدم العديد من الاشخاص الان ميزانيه الفيسبوك للتخطيط لاوقاتهم,9
كثير من الطلاب يستخدمون مواقع التدوين لإظهار أعمالهم الدراسية أمام العالم,general,SYNTHETIC,NA,True,كثير من الطلاب يستخدمون مواقع التدوين لاظهار اعمالهم الدراسيه امام العالم,11
تقول زميلتي إنه يجب التعامل مع الأمور بطريقة تساعد الجميع على الاستفادة منها,general,SYNTHETIC,NA,True,تقول زميلتي انه يجب التعامل مع الامور بطريقه تساعد الجميع علي الاستفاده منها,13
أنا أتفهم مشاعرك لكنني لا أ agree مع رأيك هذه المرة,general,SYNTHETIC,NA,True,انا اتفهم مشاعرك لكنني لا ا مع رايك هذه المره,10
توفيق يستخدم برنامج الويب للبحث عن فرصة عمل جديدة في مجال البرمجة,general,SYNTHETIC,NA,True,توفيق يستخدم برنامج الويب للبحث عن فرصه عمل جديده في مجال البرمجه,12
أنا متفائل أن ي succeed ابننا في حياته العلمية رغم الصعوبات التي يواجهها,general,SYNTHETIC,NA,True,انا متفائل ان ي ابننا في حياته العلميه رغم الصعوبات التي يواجهها,12
يقول العديد من الخبراء أن التكنولوجيا أصبحت أساسية في العملية التعليمية,general,SYNTHETIC,NA,True,يقول العديد من الخبراء ان التكنولوجيا اصبحت اساسيه في العمليه التعليميه,11
من الجيد أن نتبادل الآراء في الاجتماعات لأن هذا يحفز التفكير النقدي,general,SYNTHETIC,NA,True,من الجيد ان نتبادل الاراء في الاجتماعات لان هذا يحفز التفكير النقدي,12
أنا متحمس للمشاركة في المشروع الجديد وأنجز المزيد من الأهداف المهنية الخاصة بي,general,SYNTHETIC,NA,True,انا متحمس للمشاركه في المشروع الجديد وانجز المزيد من الاهداف المهنيه الخاصه بي,13
هناك العديد من القضايا الاجتماعية التي تحتاج إلى حلول مستدامة وإيجابية,general,SYNTHETIC,NA,True,هناك العديد من القضايا الاجتماعيه التي تحتاج الي حلول مستدامه وايجابيه,11
أنا أشعر بالحزن عندما أرى الصور الحزينة على وسائل التواصل الاجتماعي,general,SYNTHETIC,NA,True,انا اشعر بالحزن عندما اري الصور الحزينه علي وسائل التواصل الاجتماعي,11
من الصعب التعبير عن الحزن بوضوح مع الكلمات,general,SYNTHETIC,NA,True,من الصعب التعبير عن الحزن بوضوح مع الكلمات,8
أنا أحب أن أسأل الناس عما لديهم من آراء حول الأمور,general,SYNTHETIC,NA,True,انا احب ان اسال الناس عما لديهم من اراء حول الامور,11
في الصباح، غالباً ما أستيقظ بشعور بالنشاط والإشراقة,general,SYNTHETIC,NA,True,في الصباح، غالبا ما استيقظ بشعور بالنشاط والاشراقه,8
يبدو أن الطقس سيتحول إلى مطر غزير خلال الأيام القليلة القادمة,general,SYNTHETIC,NA,True,يبدو ان الطقس سيتحول الي مطر غزير خلال الايام القليله القادمه,11
عندما يشتاق شخص ما لمجتمعه الأصلي، يمكن أن يشعر بالانكسار,general,SYNTHETIC,NA,True,عندما يشتاق شخص ما لمجتمعه الاصلي، يمكن ان يشعر بالانكسار,10
تريد دائماً أن تتعلم المزيد عن الثقافات الأخرى واللغات المختلفة,general,SYNTHETIC,NA,True,تريد دائما ان تتعلم المزيد عن الثقافات الاخري واللغات المختلفه,10
كانت تذكرة السينما مخفية في أحد زوايا الخزانة حتى الآن,general,SYNTHETIC,NA,True,كانت تذكره السينما مخفيه في احد زوايا الخزانه حتي الان,10
يعتقد أن استخدام الإنترنت كوسيلة للتواصل مع الأصدقاء يمكن أن يكون ضارا,general,SYNTHETIC,NA,True,يعتقد ان استخدام الانترنت كوسيله للتواصل مع الاصدقاء يمكن ان يكون ضارا,12
الحلويات تصبح أكثر جاذبية عند الإفطار في أيام الغداء,general,SYNTHETIC,NA,True,الحلويات تصبح اكثر جاذبيه عند الافطار في ايام الغداء,9
أنا لا أعتقد أن العمل يمكنه تحقيق كل شيء في حياة الشخص,general,SYNTHETIC,NA,True,انا لا اعتقد ان العمل يمكنه تحقيق كل شيء في حياه الشخص,12
في هذه المدينة، الناس يشعرون بأنهم أكثر قربًا واحترامًا,general,SYNTHETIC,NA,True,في هذه المدينه، الناس يشعرون بانهم اكثر قربا واحتراما,9
أنا آسف جداً لأنني لم أتمكن من الوصول إلى الإنترنت اليوم,general,SYNTHETIC,NA,True,انا اسف جدا لانني لم اتمكن من الوصول الي الانترنت اليوم,11
عندما يمر الصبر بجانبه، يمكن أن يجعل الأمور يبدو أنها تحول دون الرغبة في القيام بأي شيء,general,SYNTHETIC,NA,True,عندما يمر الصبر بجانبه، يمكن ان يجعل الامور يبدو انها تحول دون الرغبه في القيام باي شيء,17
أنا أعتذر إذا كانت رسالتي غير واضحة لفهمك,general,SYNTHETIC,NA,True,انا اعتذر اذا كانت رسالتي غير واضحه لفهمك,8
أنا أقدر جهدك كثيراً، فأنت تعمل بكل قوة لتحقيق أهداف فريقك,general,SYNTHETIC,NA,True,انا اقدر جهدك كثيرا، فانت تعمل بكل قوه لتحقيق اهداف فريقك,11
أعتقد أن الطعام المحلي هو الأكثر قيمة بسبب طريقة استخلاص اللذة منه,general,SYNTHETIC,NA,True,اعتقد ان الطعام المحلي هو الاكثر قيمه بسبب طريقه استخلاص اللذه منه,12
عندما يشعر المرء بالملل، ربما يكون الطعام هو الحل الأمثل,general,SYNTHETIC,NA,True,عندما يشعر المرء بالملل، ربما يكون الطعام هو الحل الامثل,10
أجد الراحة في القراءة أثناء الاستراحة بعد العمل اليومي,general,SYNTHETIC,NA,True,اجد الراحه في القراءه اثناء الاستراحه بعد العمل اليومي,9
هذا الكتاب جديد تمامًا ولا أستطيع العثور على أي مشابهة له في المكتبة المحلية,general,SYNTHETIC,NA,True,هذا الكتاب جديد تماما ولا استطيع العثور علي اي مشابهه له في المكتبه المحليه,14
يفضل تناول الغداء في الساعة الثالثة بعد ظهرًا لتعزيز الطاقة,general,SYNTHETIC,NA,True,يفضل تناول الغداء في الساعه الثالثه بعد ظهرا لتعزيز الطاقه,10
من الصعب تحمل الضغوطات المهنية دون التعبير عن المشاعر,general,SYNTHETIC,NA,True,من الصعب تحمل الضغوطات المهنيه دون التعبير عن المشاعر,9
تفضل السيدة خديجة أن تكون جاهزة للسفر خلال أسبوعين,general,SYNTHETIC,NA,True,تفضل السيده خديجه ان تكون جاهزه للسفر خلال اسبوعين,9
استغرقت لي ساعات طويلة في البحث عن كتاب يناسب رغباتي,general,SYNTHETIC,NA,True,استغرقت لي ساعات طويله في البحث عن كتاب يناسب رغباتي,10
أحب قراءة الروايات التاريخية لأستعيد ذكريات الماضي,general,SYNTHETIC,NA,True,احب قراءه الروايات التاريخيه لاستعيد ذكريات الماضي,7
يرى بعض الباحثين إمكانية استخدام الذكاء الاصطناعي لتطوير الأدوية,general,SYNTHETIC,NA,True,يري بعض الباحثين امكانيه استخدام الذكاء الاصطناعي لتطوير الادويه,9
أنا من المعجبين بجودة الأفلام التي يتم إنتاجها في الهند,general,SYNTHETIC,NA,True,انا من المعجبين بجوده الافلام التي يتم انتاجها في الهند,10
يتعرض الأطفال للتمدد المستمر بفضل تقنيات التسوق عبر الإنترنت,general,SYNTHETIC,NA,True,يتعرض الاطفال للتمدد المستمر بفضل تقنيات التسوق عبر الانترنت,9
تتطلع الأم إلى استعادة عائلتها الكبيرة عندما تتمكن من السفر,general,SYNTHETIC,NA,True,تتطلع الام الي استعاده عائلتها الكبيره عندما تتمكن من السفر,10
أنا معجب بموقع التقويم الذي يقوم بتنظيم حياة العمل بشكل فعال,general,SYNTHETIC,NA,True,انا معجب بموقع التقويم الذي يقوم بتنظيم حياه العمل بشكل فعال,11
يجد بعض الأشخاص صعوبة في الاستفادة من وسائل التواصل الاجتماعي,general,SYNTHETIC,NA,True,يجد بعض الاشخاص صعوبه في الاستفاده من وسائل التواصل الاجتماعي,10
يعاني الكثير من الطلاب من صعوبة دراسة المواد العلمية الدقيقة,general,SYNTHETIC,NA,True,يعاني الكثير من الطلاب من صعوبه دراسه المواد العلميه الدقيقه,10
تعتبر المكملات الغذائية طريقة رائعة للحفاظ على الصحة البدنية,general,SYNTHETIC,NA,True,تعتبر المكملات الغذائيه طريقه رائعه للحفاظ علي الصحه البدنيه,9
من الصعب التأقلم مع نظام نوم غير منتظم دون الأدوية,general,SYNTHETIC,NA,True,من الصعب التاقلم مع نظام نوم غير منتظم دون الادويه,10
تقوم العديد من الشركات بتحديث البرمجيات بشكل دوري لتلافي الثغرات الأمنية,general,SYNTHETIC,NA,True,تقوم العديد من الشركات بتحديث البرمجيات بشكل دوري لتلافي الثغرات الامنيه,11
يظهر البعض من الكتاب أنهم لا يثقون بالقراءة الإلكترونية بدلاً من纸质版,general,SYNTHETIC,NA,True,يظهر البعض من الكتاب انهم لا يثقون بالقراءه الالكترونيه بدلا من,11
تفضل زوجتي الأطباق清淡ة لأنها تعزز الصحة والعافية,general,SYNTHETIC,NA,True,تفضل زوجتي الاطباق ه لانها تعزز الصحه والعافيه,8
يواجه المعلمين تحديات متعددة في عملية التعليم الحالية,general,SYNTHETIC,NA,True,يواجه المعلمين تحديات متعدده في عمليه التعليم الحاليه,8
ينتابني الشك عندما أستعرض رسائل الفيسبوك الأخيرة,general,SYNTHETIC,NA,True,ينتابني الشك عندما استعرض رسائل الفيسبوك الاخيره,7
تعاني بعض المناطق من سوء التغذية بسبب ندرة الغذاء هناك,general,SYNTHETIC,NA,True,تعاني بعض المناطق من سوء التغذيه بسبب ندره الغذاء هناك,10
أرى أن النشرات اليومية للأطباء تؤثر على عاداتنا الصحية,general,SYNTHETIC,NA,True,اري ان النشرات اليوميه للاطباء تؤثر علي عاداتنا الصحيه,9
من المفيد أن نتحدث مع أصدقائنا عن مشاعرنا السلبية بشكل منتظم,general,SYNTHETIC,NA,True,من المفيد ان نتحدث مع اصدقائنا عن مشاعرنا السلبيه بشكل منتظم,11
تتغير تفضيلي نحو الطعام بعدما ذهبت إلى سوق الجملة الأسبوع الماضي,general,SYNTHETIC,NA,True,تتغير تفضيلي نحو الطعام بعدما ذهبت الي سوق الجمله الاسبوع الماضي,11
أفكر كثيراً في كيفية استخدام الطاقة بشكل أذكي ومستدام في المنزل,general,SYNTHETIC,NA,True,افكر كثيرا في كيفيه استخدام الطاقه بشكل اذكي ومستدام في المنزل,11
يبدو أن المحادثات حول المناخ تتزايد بشكل ملحوظ في المؤتمرات الدولية,general,SYNTHETIC,NA,True,يبدو ان المحادثات حول المناخ تتزايد بشكل ملحوظ في المؤتمرات الدوليه,11
أنا غاضب الآن من عدم وجود الوقت الكافي لأهلاوي,general,SYNTHETIC,NA,True,انا غاضب الان من عدم وجود الوقت الكافي لاهلاوي,9
من الصعب تجاهل التحديات التي تواجه المستخدمين في تطبيق الأندرويد,general,SYNTHETIC,NA,True,من الصعب تجاهل التحديات التي تواجه المستخدمين في تطبيق الاندرويد,10
أحب الرساميل التي تمتلك خبرة في مجال الأعمال التقليدية,general,SYNTHETIC,NA,True,احب الرساميل التي تمتلك خبره في مجال الاعمال التقليديه,9
يبدو أن الاتصالات الجيدة هي السبيل لنجاح أي مشروع جديد,general,SYNTHETIC,NA,True,يبدو ان الاتصالات الجيده هي السبيل لنجاح اي مشروع جديد,10
أنا سعيد بقدوم الشهر العقاري حيث يمكنني شراء العقار الذي أريده,general,SYNTHETIC,NA,True,انا سعيد بقدوم الشهر العقاري حيث يمكنني شراء العقار الذي اريده,11
ينتابني اليأس عندما أشعر بالخيبات المتكررة في العمل,general,SYNTHETIC,NA,True,ينتابني الياس عندما اشعر بالخيبات المتكرره في العمل,8
أعتز بكوني جزء من هذه المجموعة الاجتماعية المتنوعة والودية,general,SYNTHETIC,NA,True,اعتز بكوني جزء من هذه المجموعه الاجتماعيه المتنوعه والوديه,9
تختلف رغباتنا الشخصية تبعاً لتغييرات الرفاهية الحياتية المستمرة,general,SYNTHETIC,NA,True,تختلف رغباتنا الشخصيه تبعا لتغييرات الرفاهيه الحياتيه المستمره,8
أنا حزين لأن الأيام الماضية لم تمنحني فرصتى للتعبير عن مشاعري,general,SYNTHETIC,NA,True,انا حزين لان الايام الماضيه لم تمنحني فرصتي للتعبير عن مشاعري,11
أنا متفائلا بشأن مشاريع التدريب الجديدة لأنها تعكس الابتكار والتطور,general,SYNTHETIC,NA,True,انا متفائلا بشان مشاريع التدريب الجديده لانها تعكس الابتكار والتطور,10
أتفهم أن الاحترام المتبادل هو أساس أي علاقة مبنية على الثقة,general,SYNTHETIC,NA,True,اتفهم ان الاحترام المتبادل هو اساس اي علاقه مبنيه علي الثقه,11
يبدو أن الصيام يؤثر على قوة النوم خلال رمضان,general,SYNTHETIC,NA,True,يبدو ان الصيام يؤثر علي قوه النوم خلال رمضان,9
أشعر بالحماس لرؤية أول إعلان جديد على القنوات الفضائية,general,SYNTHETIC,NA,True,اشعر بالحماس لرؤيه اول اعلان جديد علي القنوات الفضائيه,9
رغم صعوبة الأمور، فإن الصبر هو السبيل للتغلب عليها جميعها,general,SYNTHETIC,NA,True,رغم صعوبه الامور، فان الصبر هو السبيل للتغلب عليها جميعها,10
أحب أن أقرأ قصص الأطفال قبل النوم,general,SYNTHETIC,NA,True,احب ان اقرا قصص الاطفال قبل النوم,7
ما زلت أتطلع إلى تذوق اللحم الشرقي القادم من السوق,general,SYNTHETIC,NA,True,ما زلت اتطلع الي تذوق اللحم الشرقي القادم من السوق,10
يرى البعض أن التعليم الجيد يحتاج إلى وسط تربوي مدعم,general,SYNTHETIC,NA,True,يري البعض ان التعليم الجيد يحتاج الي وسط تربوي مدعم,10
يتسابق الكثير من الشباب لإطلاق مشاريعهم الخاصة في مجال الذكاء الاصطناعي,general,SYNTHETIC,NA,True,يتسابق الكثير من الشباب لاطلاق مشاريعهم الخاصه في مجال الذكاء الاصطناعي,11
لطالما كنت محباً للرسم بألوان الشوكولاتة الفاتحة,general,SYNTHETIC,NA,True,لطالما كنت محبا للرسم بالوان الشوكولاته الفاتحه,7
من المهم أن نتذكر دائمًا التسامح بين مختلف الثقافات والأعراق,general,SYNTHETIC,NA,True,من المهم ان نتذكر دائما التسامح بين مختلف الثقافات والاعراق,10
أنا من فضول المعلومة دائمًا أبحث عن الجديد على قنوات الواقعية,general,SYNTHETIC,NA,True,انا من فضول المعلومه دائما ابحث عن الجديد علي قنوات الواقعيه,11
تفضل عادة الكثير من الناس في شرق أوروبا قهوة البن الكسيلي المعدنية,general,SYNTHETIC,NA,True,تفضل عاده الكثير من الناس في شرق اوروبا قهوه البن الكسيلي المعدنيه,12
يجد البعض صعوبة في التكيف مع نظام النوم المتأخر بعد يوم طويل من العمل,general,SYNTHETIC,NA,True,يجد البعض صعوبه في التكيف مع نظام النوم المتاخر بعد يوم طويل من العمل,14
أنا أعجب كثيراً بقصة حياة بعض الشخصيات التاريخية المعروفة,general,SYNTHETIC,NA,True,انا اعجب كثيرا بقصه حياه بعض الشخصيات التاريخيه المعروفه,9
من المفيد دائماً الاستماع لمجموعة متنوعة من الأغاني العربية التقليدية,general,SYNTHETIC,NA,True,من المفيد دائما الاستماع لمجموعه متنوعه من الاغاني العربيه التقليديه,10
أشعر بأن الصداقة الجيدة هي أقوى ما يمكن الحصول عليه في هذا الزمان,general,SYNTHETIC,NA,True,اشعر بان الصداقه الجيده هي اقوي ما يمكن الحصول عليه في هذا الزمان,13
العمل عن بعد أصبح أكثر شيوعًا بسبب جائحة كورونا,general,SYNTHETIC,NA,True,العمل عن بعد اصبح اكثر شيوعا بسبب جائحه كورونا,9
إنه وقت جميل يبدأ من الساعة العاشرة مساءً حتى الثانية صباحًا,general,SYNTHETIC,NA,True,انه وقت جميل يبدا من الساعه العاشره مساء حتي الثانيه صباحا,11
أعتقد أن التعلم المستمر هو الطريق الصحيح نحو النجاح والتطور,general,SYNTHETIC,NA,True,اعتقد ان التعلم المستمر هو الطريق الصحيح نحو النجاح والتطور,10
إن الصيام في رمضان يتطلب مني صبراً وتفانيًا، هل تجد نفسك في هذا الطريق؟,general,SYNTHETIC,NA,True,ان الصيام في رمضان يتطلب مني صبرا وتفانيا، هل تجد نفسك في هذا الطريق؟,14
يبدو أن الطقس سيطردنا من حفل الزفاف رغم الحرص على إسعاد أهلي.,general,SYNTHETIC,NA,True,يبدو ان الطقس سيطردنا من حفل الزفاف رغم الحرص علي اسعاد اهلي,12
أنا متفائل بأن تحسين البنية التحتية سيساهم في جعل المدينة أكثر استقرارًا.,general,SYNTHETIC,NA,True,انا متفائل بان تحسين البنيه التحتيه سيساهم في جعل المدينه اكثر استقرارا,12
الحل الشافي للتوترات الاجتماعية يكمن في الحوار المفتوح والبناء بين الأطراف.,general,SYNTHETIC,NA,True,الحل الشافي للتوترات الاجتماعيه يكمن في الحوار المفتوح والبناء بين الاطراف,11
أنا حقاً أحب هذا الطبق من اللحم المليء بالنكهات التي أشتهر بها شيفنا الخاص.,general,SYNTHETIC,NA,True,انا حقا احب هذا الطبق من اللحم المليء بالنكهات التي اشتهر بها شيفنا الخاص,14
تستغل الصحف المحلية الفجوات السياسية لتعزيز موقفها السياسي أمام القارئ.,general,SYNTHETIC,NA,True,تستغل الصحف المحليه الفجوات السياسيه لتعزيز موقفها السياسي امام القارئ,10
كنت أفكر بعمق في هذه الأسئلة قبل أن أتمكن من وضع الرد عليها.,general,SYNTHETIC,NA,True,كنت افكر بعمق في هذه الاسئله قبل ان اتمكن من وضع الرد عليها,13
كثيراً ما أشعر بالراحة عندما أقوم بتحضير قهوة الصباح بدقة وباحترافية.,general,SYNTHETIC,NA,True,كثيرا ما اشعر بالراحه عندما اقوم بتحضير قهوه الصباح بدقه وباحترافيه,11
بالرغم من الإجهاد اليومي، فإن السعي لتحقيق الأهداف المهنية يمكن أن يجعلنا سعداء.,general,SYNTHETIC,NA,True,بالرغم من الاجهاد اليومي، فان السعي لتحقيق الاهداف المهنيه يمكن ان يجعلنا سعداء,13
ما زلت أفكر في طريقة جديدة لإعداد الكيك بالبرتقال، هل لديك فكرة؟,general,SYNTHETIC,NA,True,ما زلت افكر في طريقه جديده لاعداد الكيك بالبرتقال، هل لديك فكره؟,12
أنا أتطلع بشدة إلى اكتشاف ما سيكشف عن التحديث الجديد لتطبيق موبايلي.,general,SYNTHETIC,NA,True,انا اتطلع بشده الي اكتشاف ما سيكشف عن التحديث الجديد لتطبيق موبايلي,12
كنت أستمتع بممارسة الألعاب الإلكترونية مع أصدقائي على مدار الساعة.,general,SYNTHETIC,NA,True,كنت استمتع بممارسه الالعاب الالكترونيه مع اصدقائي علي مدار الساعه,10
أتمنى أن تستمر هذه المبادرة لتحسين الحالة الاجتماعية في البلاد.,general,SYNTHETIC,NA,True,اتمني ان تستمر هذه المبادره لتحسين الحاله الاجتماعيه في البلاد,10
هل يمكنك تشغيل الصوت لأنني لم أتمكن بعد من الاستماع إلى ذلك المقطع؟,general,SYNTHETIC,NA,True,هل يمكنك تشغيل الصوت لانني لم اتمكن بعد من الاستماع الي ذلك المقطع؟,13
أنا متأكد أن النصائح حول تحسين السلوك الصحي ستساعد الكثيرين في حياتهم.,general,SYNTHETIC,NA,True,انا متاكد ان النصائح حول تحسين السلوك الصحي ستساعد الكثيرين في حياتهم,12
لا تزال مشكلتي مع الجهاز الفني قائمة، هل يجب علي إعادة النظر في قراري؟,general,SYNTHETIC,NA,True,لا تزال مشكلتي مع الجهاز الفني قائمه، هل يجب علي اعاده النظر في قراري؟,14
أنا متفائل أن الأيام القادمة ستشهد تحولاً كبيراً في حياتي المهنية والشخصية.,general,SYNTHETIC,NA,True,انا متفائل ان الايام القادمه ستشهد تحولا كبيرا في حياتي المهنيه والشخصيه,12
يبدو أن الصباح أصبح أجمل من ذي قبل بعد استبدال النور الساطع بالطيف الأزرق,general,SYNTHETIC,NA,True,يبدو ان الصباح اصبح اجمل من ذي قبل بعد استبدال النور الساطع بالطيف الازرق,14
لدينا قرار مهم بشأن المشروع الجديد، ولكن لا نزال ننتظر رد الجهات المختصة,general,SYNTHETIC,NA,True,لدينا قرار مهم بشان المشروع الجديد، ولكن لا نزال ننتظر رد الجهات المختصه,13
كثيرون يشعرون بالقلق بشأن ارتفاع الأسعار، لكن البعض الآخر يعتقد أن هذا طبيعي في هذه الحالة,general,SYNTHETIC,NA,True,كثيرون يشعرون بالقلق بشان ارتفاع الاسعار، لكن البعض الاخر يعتقد ان هذا طبيعي في هذه الحاله,16
ما هي الأفكار الجديدة التي طرحها الطلاب في المحاضرة اليوم؟ أتوقع أن تكون مدهشة,general,SYNTHETIC,NA,True,ما هي الافكار الجديده التي طرحها الطلاب في المحاضره اليوم؟ اتوقع ان تكون مدهشه,14
يبدو أن الطقس سيتحسن غداً، لكن علينا الاستعداد لحالات سوء الطقس المرتبطة به,general,SYNTHETIC,NA,True,يبدو ان الطقس سيتحسن غدا، لكن علينا الاستعداد لحالات سوء الطقس المرتبطه به,13
ما هو الحل الأمثل لمشكلة النقص في المياه التي تعاني منها منطقة القصيم lately?,general,SYNTHETIC,NA,True,ما هو الحل الامثل لمشكله النقص في المياه التي تعاني منها منطقه القصيم,13
أنا أحب التسوق كثيراً، خاصة في الأوقات الرائعة التي تأتي بها العروض المغرية على المنتجات,general,SYNTHETIC,NA,True,انا احب التسوق كثيرا، خاصه في الاوقات الرائعه التي تاتي بها العروض المغريه علي المنتجات,15
تستمتع الكائنات البحرية بمياه البحر الدافئة والأرض الباردة، فهي تعيش بطريقة متوازنة للغاية,general,SYNTHETIC,NA,True,تستمتع الكائنات البحريه بمياه البحر الدافئه والارض البارده، فهي تعيش بطريقه متوازنه للغايه,13
